symbol,name,exchange_or_type,market_cap,weight_pct
NVDA,NVIDIA Corporation Common Stock,NASDAQ,5260789000000,6.112653
AAPL,Apple Inc. Common Stock,NASDAQ,4849208188600,5.634426
GOOGL,Alphabet Inc. Class A Common Stock,NASDAQ,4139855000000,4.810210
GOOG,Alphabet Inc. Class C Capital Stock,NASDAQ,4102553500000,4.766868
MSFT,Microsoft Corporation Common Stock,NASDAQ,3680323111704,4.276267
AMZN,Amazon.com Inc. Common Stock,NASDAQ,2769709599018,3.218201
SPCX,Space Exploration Technologies Corp. Class A Common Stock,NASDAQ,2052346357916,2.384677
AVGO,Broadcom Inc. Common Stock,NASDAQ,1722196455874,2.001067
META,Meta Platforms Inc. Class A Common Stock,NASDAQ,1650860458987,1.918180
TSLA,Tesla Inc. Common Stock,NASDAQ,1443322599663,1.677036
BRK-A,Berkshire Hathaway Inc.,NYSE,1126689484000,1.309131
BRK-B,Berkshire Hathaway Inc.,NYSE,1126035134417,1.308371
MU,Micron Technology Inc. Common Stock,NASDAQ,1101451964444,1.279807
LLY,Eli Lilly and Company Common Stock,NYSE,1050272077421,1.220340
JPM,JP Morgan Chase & Co. Common Stock,NYSE,946925668245,1.100259
WMT,Walmart Inc. Common Stock,NASDAQ,850100909723,0.987755
AMD,Advanced Micro Devices Inc. Common Stock,NASDAQ,842569343427,0.979004
XOM,ExxonMobil Holdings Corporation Common Stock,NYSE,682536266240,0.793057
V,Visa Inc.,NYSE,661903473101,0.769084
JNJ,Johnson & Johnson Common Stock,NYSE,640020869391,0.743658
INTC,Intel Corporation Common Stock,NASDAQ,544045055462,0.632141
MA,Mastercard Incorporated Common Stock,NYSE,498616097749,0.579356
ABBV,AbbVie Inc. Common Stock,NYSE,454361196319,0.527935
CSCO,Cisco Systems Inc. Common Stock (DE),NASDAQ,442082266069,0.513667
BAC,Bank of America Corporation Common Stock,NYSE,438375395002,0.509360
ORCL,Oracle Corporation Common Stock,NYSE,432877181880,0.502972
CVX,Chevron Corporation Common Stock,NYSE,422933598912,0.491418
PLTR,Palantir Technologies Inc. Class A Common Stock,NASDAQ,401695403460,0.466741
COST,Costco Wholesale Corporation Common Stock,NASDAQ,401246317495,0.466219
KO,Coca-Cola Company (The) Common Stock,NYSE,379872072664,0.441384
CAT,Caterpillar Inc. Common Stock,NYSE,376276073889,0.437205
LRCX,Lam Research Corporation Common Stock,NASDAQ,373168948620,0.433595
AMAT,Applied Materials Inc. Common Stock,NASDAQ,362269296755,0.420931
DELL,Dell Technologies Inc. Class C Common Stock,NYSE,360690214948,0.419096
MRK,Merck & Company Inc. Common Stock (new),NYSE,355100013857,0.412600
UNH,UnitedHealth Group Incorporated Common Stock (DE),NYSE,340269230549,0.395368
PG,Procter & Gamble Company (The) Common Stock,NYSE,337670390626,0.392348
MS,Morgan Stanley Common Stock,NYSE,336698001679,0.391219
GE,GE Aerospace Common Stock,NYSE,335817482958,0.390195
NFLX,Netflix Inc. Common Stock,NASDAQ,322288930922,0.374476
HD,Home Depot Inc. (The) Common Stock,NYSE,308026695131,0.357905
GS,Goldman Sachs Group Inc. (The) Common Stock,NYSE,299667789685,0.348192
PM,Philip Morris International Inc Common Stock,NYSE,297788683655,0.346009
WFC,Wells Fargo & Company Common Stock,NYSE,273036900047,0.317249
PANW,Palo Alto Networks Inc. Common Stock,NASDAQ,269479750000,0.313116
RTX,RTX Corporation Common Stock,NYSE,266424829906,0.309566
GEV,GE Vernova Inc. Common Stock,NYSE,254953147084,0.296237
ANET,Arista Networks Inc. Common Stock,NYSE,251727827494,0.292489
TXN,Texas Instruments Incorporated Common Stock,NASDAQ,245389653228,0.285125
SNDK,Sandisk Corporation Common Stock,NASDAQ,239153475283,0.277879
KLAC,KLA Corporation Common Stock,NASDAQ,236014610881,0.274232
C,Citigroup Inc. Common Stock,NYSE,232861774216,0.270568
CCZ,Comcast Holdings ZONES,NYSE,229490327176,0.266651
IBM,International Business Machines Corporation Common Stock,NYSE,229211875743,0.266327
TMO,Thermo Fisher Scientific Inc Common Stock,NYSE,225479289949,0.261990
AXP,American Express Company Common Stock,NYSE,219266349677,0.254772
LIN,Linde plc Ordinary Shares,NASDAQ,214918171594,0.249719
CRWD,CrowdStrike Holdings Inc. Class A Common Stock,NASDAQ,211688289235,0.245966
VZ,Verizon Communications Inc. Common Stock,NYSE,210273172973,0.244322
MRVL,Marvell Technology Inc. Common Stock,NASDAQ,207036090000,0.240561
APH,Amphenol Corporation Common Stock,NYSE,206943943423,0.240454
AMGN,Amgen Inc. Common Stock,NASDAQ,204007487087,0.237042
CRM,Salesforce Inc. Common Stock,NYSE,203873560000,0.236886
TMUS,T-Mobile US Inc. Common Stock,NASDAQ,195580215198,0.227250
QCOM,QUALCOMM Incorporated Common Stock,NASDAQ,191111066604,0.222057
PEP,PepsiCo Inc. Common Stock,NASDAQ,186062017187,0.216191
SCHW,Charles Schwab Corporation (The) Common Stock,NYSE,185471255327,0.215504
DIS,Walt Disney Company (The) Common Stock,NYSE,183978489408,0.213770
ADI,Analog Devices Inc. Common Stock,NASDAQ,183543706833,0.213264
DE,Deere & Company Common Stock,NYSE,182196675905,0.211699
MCD,McDonald's Corporation Common Stock,NYSE,178700715823,0.207637
T,AT&T Inc.,NYSE,178573170039,0.207489
GILD,Gilead Sciences Inc. Common Stock,NASDAQ,178206354877,0.207063
ABT,Abbott Laboratories Common Stock,NYSE,176412577027,0.204979
NEE,NextEra Energy Inc. Common Stock,NYSE,171696866383,0.199499
WELL,Welltower Inc. Common Stock,NYSE,169821925355,0.197321
UNP,Union Pacific Corporation Common Stock,NYSE,168955071631,0.196313
BLK,BlackRock Inc. Common Stock,NYSE,167204595479,0.194280
BA,Boeing Company (The) Common Stock,NYSE,166333370709,0.193267
COP,ConocoPhillips Common Stock,NYSE,165003702741,0.191722
SCCO,Southern Copper Corporation Common Stock,NYSE,161434841794,0.187576
WDC,Western Digital Corporation Common Stock,NASDAQ,161226699338,0.187334
PFE,Pfizer Inc. Common Stock,NYSE,157994951887,0.183579
UBER,Uber Technologies Inc. Common Stock,NYSE,146390283872,0.170095
GLW,Corning Incorporated Common Stock,NYSE,143335018278,0.166545
DHR,Danaher Corporation Common Stock,NYSE,140695628848,0.163478
TJX,TJX Companies Inc. (The) Common Stock,NYSE,138618731167,0.161065
NOW,ServiceNow Inc. Common Stock,NYSE,137036020000,0.159226
NEM,Newmont Corporation,NYSE,133618716886,0.155255
BKNG,Booking Holdings Inc. Common Stock,NASDAQ,130680096560,0.151841
VRTX,Vertex Pharmaceuticals Incorporated Common Stock,NASDAQ,130643898667,0.151799
ISRG,Intuitive Surgical Inc. Common Stock,NASDAQ,130412587728,0.151530
BMY,Bristol-Myers Squibb Company Common Stock,NYSE,129998360708,0.151049
PLD,Prologis Inc. Common Stock,NYSE,128701317000,0.149542
COF,Capital One Financial Corporation Common Stock,NYSE,127788891339,0.148481
MNST,Monster Beverage Corporation,NASDAQ,127534397389,0.148186
PGR,Progressive Corporation (The) Common Stock,NYSE,126518124587,0.147005
SPGI,S&P Global Inc. Common Stock,NYSE,121077308000,0.140683
CVS,CVS Health Corporation Common Stock,NYSE,121067335130,0.140671
LMT,Lockheed Martin Corporation Common Stock,NYSE,120978204815,0.140568
PH,Parker-Hannifin Corporation Common Stock,NYSE,119774086468,0.139169
MDT,Medtronic plc. Ordinary Shares,NYSE,116350382474,0.135191
SNOW,Snowflake Inc. Common Stock,NYSE,116067672000,0.134862
MO,Altria Group Inc.,NYSE,115178936015,0.133830
FTNT,Fortinet Inc. Common Stock,NASDAQ,114510689824,0.133053
SBUX,Starbucks Corporation Common Stock,NASDAQ,112563600000,0.130791
VLO,Valero Energy Corporation Common Stock,NYSE,112412639324,0.130615
MPC,Marathon Petroleum Corporation Common Stock,NYSE,111186948415,0.129191
LOW,Lowe's Companies Inc. Common Stock,NYSE,110426652020,0.128308
BNY,The Bank of New York Mellon Corporation Common Stock,NYSE,110365483738,0.128237
NET,Cloudflare Inc. Class A Common Stock,NYSE,109149115039,0.126823
APP,Applovin Corporation Class A Common Stock,NASDAQ,108413537960,0.125969
ADP,Automatic Data Processing Inc. Common Stock,NASDAQ,106569701828,0.123826
SYK,Stryker Corporation Common Stock,NYSE,105697388556,0.122813
PSX,Phillips 66 Common Stock,NYSE,103533957075,0.120299
MCK,McKesson Corporation Common Stock,NYSE,102775570888,0.119418
EQIX,Equinix Inc. Common Stock REIT,NASDAQ,102393581996,0.118974
FCX,Freeport-McMoRan Inc. Common Stock,NYSE,102057765360,0.118584
ABNB,Airbnb Inc. Class A Common Stock,NASDAQ,101907335220,0.118409
HOOD,Robinhood Markets Inc. Class A Common Stock,NASDAQ,101209691472,0.117598
CEG,Constellation Energy Corporation Common Stock,NASDAQ,100889026170,0.117226
SO,Southern Company (The) Common Stock,NYSE,100277139746,0.116515
ADBE,Adobe Inc. Common Stock,NASDAQ,100261425000,0.116496
CME,CME Group Inc. Class A Common Stock,NASDAQ,99078470127,0.115122
VRT,Vertiv Holdings LLC Class A Common Stock,NYSE,98965059751,0.114990
USB,U.S. Bancorp Common Stock,NYSE,97907952867,0.113762
PNC,PNC Financial Services Group Inc. (The) Common Stock,NYSE,97438001228,0.113216
BX,Blackstone Inc. Common Stock,NYSE,96462833400,0.112083
GD,General Dynamics Corporation Common Stock,NYSE,96291305701,0.111883
PWR,Quanta Services Inc. Common Stock,NYSE,95849807622,0.111370
DUK,Duke Energy Corporation (Holding Company) Common Stock,NYSE,93112035888,0.108189
HCA,HCA Healthcare Inc. Common Stock,NYSE,92433150410,0.107401
HWM,Howmet Aerospace Inc. Common Stock,NYSE,91568789224,0.106396
ELV,Elevance Health Inc. Common Stock,NYSE,90807509109,0.105512
KKR,KKR & Co. Inc. Common Stock,NYSE,90733006549,0.105425
CSX,CSX Corporation Common Stock,NASDAQ,90678647187,0.105362
CMCSA,Comcast Corporation Class A Common Stock,NASDAQ,89425641640,0.103906
WMB,Williams Companies Inc. (The) Common Stock,NYSE,89107750335,0.103537
ICE,Intercontinental Exchange Inc. Common Stock,NYSE,88363492254,0.102672
DASH,DoorDash Inc. Class A Common Stock,NASDAQ,87504518377,0.101674
MAR,Marriott International Class A Common Stock,NASDAQ,87275868931,0.101408
INTU,Intuit Inc. Common Stock,NASDAQ,85935080520,0.099850
WM,Waste Management Inc. Common Stock,NYSE,85323203177,0.099139
UPS,United Parcel Service Inc. Common Stock,NYSE,85316377043,0.099131
MMM,3M Company Common Stock,NYSE,85078727132,0.098855
EMR,Emerson Electric Company Common Stock,NYSE,84891582000,0.098638
MRSH,Marsh Common Stock,NYSE,84423445422,0.098094
EPD,Enterprise Products Partners L.P. Common Stock,NYSE,84003661874,0.097606
LITE,Lumentum Holdings Inc. Common Stock,NASDAQ,83154591000,0.096620
AMT,American Tower Corporation (REIT) Common Stock,NYSE,82870994537,0.096290
HPE,Hewlett Packard Enterprise Company Common Stock,NYSE,82422288128,0.095769
MCO,Moody's Corporation Common Stock,NYSE,82261340000,0.095582
BE,Bloom Energy Corporation Class A Common Stock,NYSE,81215915660,0.094367
CTAS,Cintas Corporation Common Stock,NASDAQ,80634166542,0.093691
REGN,Regeneron Pharmaceuticals Inc. Common Stock,NASDAQ,80458293572,0.093487
MDLZ,Mondelez International Inc. Class A Common Stock,NASDAQ,79692675079,0.092597
CDNS,Cadence Design Systems Inc. Common Stock,NASDAQ,79690472410,0.092595
DDOG,Datadog Inc. Class A Common Stock,NASDAQ,79430986059,0.092293
SHW,Sherwin-Williams Company (The) Common Stock,NYSE,78486137800,0.091195
TRV,The Travelers Companies Inc. Common Stock,NYSE,78257348254,0.090929
ECL,Ecolab Inc. Common Stock,NYSE,77421153577,0.089958
EOG,EOG Resources Inc. Common Stock,NYSE,77294619375,0.089811
MSI,Motorola Solutions Inc. Common Stock,NYSE,77146584214,0.089639
CMI,Cummins Inc. Common Stock,NYSE,76644703137,0.089056
ITW,Illinois Tool Works Inc. Common Stock,NYSE,76371968000,0.088739
APO,Apollo Global Management Inc. (New) Common Stock,NYSE,76168256648,0.088502
SNPS,Synopsys Inc. Common Stock,NASDAQ,76152570387,0.088484
CVNA,Carvana Co. Class A Common Stock,NYSE,76108074333,0.088432
BAM,Brookfield Asset Management Inc Class A Limited Voting Shares,NYSE,75485421471,0.087709
GM,General Motors Company Common Stock,NYSE,75127400940,0.087293
CI,The Cigna Group Common Stock,NYSE,74188158849,0.086201
FDX,FedEx Corporation Common Stock,NYSE,73838809016,0.085795
NOC,Northrop Grumman Corporation Common Stock,NYSE,73726448603,0.085665
ROST,Ross Stores Inc. Common Stock,NASDAQ,73710610601,0.085646
NSC,Norfolk Southern Corporation Common Stock,NYSE,71935323621,0.083584
TGT,Target Corporation Common Stock,NYSE,70793060371,0.082256
WBD,Warner Bros. Discovery Inc. Series A Common Stock,NASDAQ,70400120925,0.081800
DLR,Digital Realty Trust Inc. Common Stock,NYSE,69781422070,0.081081
RCL,Royal Caribbean Cruises Ltd. Common Stock,NYSE,69574985132,0.080841
ORLY,O'Reilly Automotive Inc. Common Stock,NASDAQ,69425015169,0.080667
CL,Colgate-Palmolive Company Common Stock,NYSE,69194601557,0.080399
HLT,Hilton Worldwide Holdings Inc. Common Stock,NYSE,68912624793,0.080071
KMI,Kinder Morgan Inc. Common Stock,NYSE,68719112467,0.079847
RSG,Republic Services Inc. Common Stock,NYSE,68205878720,0.079250
AEP,American Electric Power Company Inc. Common Stock,NASDAQ,67140525422,0.078012
SPG,Simon Property Group Inc. Common Stock,NYSE,66273056817,0.077004
APD,Air Products and Chemicals Inc. Common Stock,NYSE,64897244008,0.075406
PCAR,PACCAR Inc. Common Stock,NASDAQ,64600770682,0.075061
AON,Aon plc Class A Ordinary Shares (Ireland),NYSE,64208247617,0.074605
ALL,Allstate Corporation (The) Common Stock,NYSE,64152590495,0.074541
HON,Honeywell International Inc. Common Stock,NASDAQ,64135980424,0.074521
TDG,Transdigm Group Incorporated Common Stock,NYSE,63032926988,0.073240
BSX,Boston Scientific Corporation Common Stock,NYSE,62287885027,0.072374
TRGP,Targa Resources Inc. Common Stock,NYSE,62238603845,0.072317
MET,MetLife Inc. Common Stock,NYSE,61730228689,0.071726
AJG,Arthur J. Gallagher & Co. Common Stock,NYSE,61594016000,0.071568
TFC,Truist Financial Corporation Common Stock,NYSE,61569959875,0.071540
URI,United Rentals Inc. Common Stock,NYSE,61565290720,0.071534
OXY,Occidental Petroleum Corporation Common Stock,NYSE,61437712822,0.071386
COR,Cencora Inc. Common Stock,NYSE,61364291449,0.071301
OKE,ONEOK Inc. Common Stock,NYSE,60906317226,0.070769
MPWR,Monolithic Power Systems Inc. Common Stock,NASDAQ,60665067780,0.070488
GWW,W.W. Grainger Inc. Common Stock,NYSE,60289205760,0.070052
COHR,Coherent Corp. Common Stock,NYSE,59801292961,0.069485
FIX,Comfort Systems USA Inc. Common Stock,NYSE,59507275360,0.069143
TER,Teradyne Inc. Common Stock,NASDAQ,59365709590,0.068979
NUE,Nucor Corporation Common Stock,NYSE,58858356625,0.068389
BKR,Baker Hughes Company Class A Common Stock,NASDAQ,58627330633,0.068121
AFL,AFLAC Incorporated Common Stock,NYSE,57794855393,0.067153
KEYS,Keysight Technologies Inc. Common Stock,NYSE,57651680447,0.066987
LNG,Cheniere Energy Inc. Common Stock,NYSE,57486717538,0.066795
MRNA,Moderna Inc. Common Stock,NASDAQ,57477990939,0.066785
FANG,Diamondback Energy Inc. Common Stock,NASDAQ,57396591634,0.066691
D,Dominion Energy Inc. Common Stock,NYSE,56606290078,0.065772
FAST,Fastenal Company Common Stock,NASDAQ,56594580300,0.065759
O,Realty Income Corporation Common Stock,NYSE,56299972964,0.065416
CTVA,Corteva Inc. Common Stock,NYSE,55977744400,0.065042
AME,AMETEK Inc.,NYSE,55451417086,0.064431
DVN,Devon Energy Corporation Common Stock,NYSE,55253000000,0.064200
F,Ford Motor Company Common Stock,NYSE,54716907966,0.063577
NKE,Nike Inc. Common Stock,NYSE,54592752270,0.063433
CAH,Cardinal Health Inc. Common Stock,NYSE,54555288517,0.063389
SRE,DBA Sempra Common Stock,NYSE,54496055002,0.063320
STT,State Street Corporation Common Stock,NYSE,53127321351,0.061730
DAL,Delta Air Lines Inc. Common Stock,NYSE,52550656327,0.061060
PSA,Public Storage Common Stock,NYSE,52071666231,0.060503
VMRK,Vivmark Residential Common Shares of Beneficial Interest,NYSE,51612750000,0.059970
NDAQ,Nasdaq Inc. Common Stock,NASDAQ,50973146553,0.059227
ALAB,Astera Labs Inc. Common Stock,NASDAQ,50522331987,0.058703
MSTR,Strategy Inc Common Stock Class A,NASDAQ,50322046608,0.058471
HONA,Honeywell Aerospace Inc. Common Stock,NASDAQ,50160938259,0.058283
AMP,Ameriprise Financial Inc. Common Stock,NYSE,50127513009,0.058245
VST,Vistra Corp. Common Stock,NYSE,49801550234,0.057866
FITB,Fifth Third Bancorp Common Stock,NYSE,49625161102,0.057661
CIEN,Ciena Corporation Common Stock,NYSE,49567751829,0.057594
HUM,Humana Inc. Common Stock,NYSE,49208910218,0.057177
ETR,Entergy Corporation Common Stock,NYSE,49150295684,0.057109
CRWV,CoreWeave Inc. Class A Common Stock,NASDAQ,49081242212,0.057029
EW,Edwards Lifesciences Corporation Common Stock,NYSE,48630868000,0.056506
BDX,Becton Dickinson and Company Common Stock,NYSE,48443992380,0.056288
EBAY,eBay Inc. Common Stock,NASDAQ,47948750000,0.055713
WAB,Westinghouse Air Brake Technologies Corporation Common Stock,NYSE,47838931220,0.055585
ROK,Rockwell Automation Inc. Common Stock,NYSE,47668648726,0.055387
XYZ,Block Inc. Class A Common Stock,NYSE,47588971950,0.055295
NTRA,Natera Inc. Common Stock,NASDAQ,47413341838,0.055091
CARR,Carrier Global Corporation Common Stock,NYSE,47365717775,0.055036
XEL,Xcel Energy Inc. Common Stock,NASDAQ,47159890103,0.054796
AZO,AutoZone Inc. Common Stock,NYSE,46963964996,0.054569
COIN,Coinbase Global Inc. Class A Common Stock,NASDAQ,46240059125,0.053728
VTR,Ventas Inc. Common Stock,NYSE,46160042846,0.053635
PYPL,PayPal Holdings Inc. Common Stock,NASDAQ,45955358151,0.053397
CMG,Chipotle Mexican Grill Inc. Common Stock,NYSE,45808131600,0.053226
LHX,L3Harris Technologies Inc. Common Stock,NYSE,45723136813,0.053127
CBRS,Cerebras Systems Inc. Class A Common Stock,NASDAQ,45595666389,0.052979
WDAY,Workday Inc. Class A Common Stock,NASDAQ,44753700000,0.052001
EXC,Exelon Corporation Common Stock,NASDAQ,44552081216,0.051766
ADSK,Autodesk Inc. Common Stock,NASDAQ,44391600000,0.051580
HEI,Heico Corporation Common Stock,NYSE,44163339980,0.051315
RVMD,Revolution Medicines Inc. Common Stock,NASDAQ,43675331896,0.050748
ARES,Ares Management Corporation Class A Common Stock,NYSE,43477694426,0.050518
IQV,IQVIA Holdings Inc. Common Stock,NYSE,43087342000,0.050064
MDLN,Medline Inc. Class A Common Stock,NASDAQ,42767434715,0.049693
KDP,Keurig Dr Pepper Inc. Common Stock,NASDAQ,42716329333,0.049633
VEEV,Veeva Systems Inc. Class A Common Stock,NYSE,42484882240,0.049364
TRI,Thomson Reuters Corporation Common Shares,NASDAQ,42172020000,0.049001
ADM,Archer-Daniels-Midland Company Common Stock,NYSE,41795535038,0.048563
A,Agilent Technologies Inc. Common Stock,NYSE,41423806518,0.048131
IBKR,Interactive Brokers Group Inc. Class A Common Stock,NASDAQ,41397752484,0.048101
PAYX,Paychex Inc. Common Stock,NASDAQ,41222538773,0.047898
PRU,Prudential Financial Inc. Common Stock,NYSE,41137800000,0.047799
CBRE,CBRE Group Inc Common Stock Class A,NYSE,40688225122,0.047277
MSCI,MSCI Inc. Common Stock,NYSE,40320147000,0.046849
MCHP,Microchip Technology Incorporated Common Stock,NASDAQ,40291244872,0.046815
TTWO,Take-Two Interactive Software Inc. Common Stock,NASDAQ,40288676053,0.046813
WAT,Waters Corporation Common Stock,NYSE,40118633646,0.046615
LYV,Live Nation Entertainment Inc. Common Stock,NYSE,40093101279,0.046585
SYY,Sysco Corporation Common Stock,NYSE,39865579491,0.046321
IDXX,IDEXX Laboratories Inc. Common Stock,NASDAQ,39760829245,0.046199
VG,Venture Global Inc. Class A common stock,NYSE,39501467046,0.045898
AIG,American International Group Inc. New Common Stock,NYSE,39389542421,0.045768
ED,Consolidated Edison Inc. Common Stock,NYSE,39371956269,0.045747
NTAP,NetApp Inc. Common Stock,NASDAQ,39142379316,0.045481
AXON,Axon Enterprise Inc. Common Stock,NASDAQ,38940342506,0.045246
DHI,D.R. Horton Inc. Common Stock,NYSE,38568007707,0.044813
YUM,Yum! Brands Inc.,NYSE,38443575844,0.044669
ROP,Roper Technologies Inc. Common Stock,NASDAQ,38424967566,0.044647
VIK,Viking Holdings Ltd Ordinary Shares,NYSE,37896271175,0.044033
RKLB,Rocket Lab Corporation Common Stock,NASDAQ,37673040570,0.043773
RKT,Rocket Companies Inc. Class A Common Stock,NYSE,37321047109,0.043364
ODFL,Old Dominion Freight Line Inc. Common Stock,NASDAQ,37280647069,0.043317
PCG,Pacific Gas & Electric Co. Common Stock,NYSE,36985524845,0.042974
HIG,The Hartford Insurance Group Inc. Common Stock,NYSE,36936106193,0.042917
PEG,Public Service Enterprise Group Incorporated Common Stock,NYSE,36080625972,0.041923
TKO,TKO Group Holdings Inc. Class A Common Stock,NYSE,36019919081,0.041853
KR,Kroger Company (The) Common Stock,NYSE,35833739524,0.041636
UAL,United Airlines Holdings Inc. Common Stock,NASDAQ,35645789841,0.041418
EL,Estee Lauder Companies Inc. (The) Common Stock,NYSE,35137876827,0.040828
TWLO,Twilio Inc. Class A Common Stock,NYSE,34915326267,0.040569
HSY,The Hershey Company Common Stock,NYSE,34824434871,0.040463
MTB,M&T Bank Corporation Common Stock,NYSE,34635352115,0.040244
NTRS,Northern Trust Corporation Common Stock,NASDAQ,34613379991,0.040218
EME,EMCOR Group Inc. Common Stock,NYSE,34434835315,0.040011
STLD,Steel Dynamics Inc.,NASDAQ,34368642222,0.039934
WEC,WEC Energy Group Inc. Common Stock,NYSE,34321715511,0.039879
IRM,Iron Mountain Incorporated (Delaware)Common Stock REIT,NYSE,34289409886,0.039842
KVUE,Kenvue Inc. Common Stock,NYSE,34151352243,0.039681
UI,Ubiquiti Inc. Common Stock,NYSE,34147086141,0.039676
HBAN,Huntington Bancshares Incorporated Common Stock,NASDAQ,34064193966,0.039580
EQT,EQT Corporation Common Stock,NYSE,33821650120,0.039298
RPRX,Royalty Pharma plc Class A Ordinary Shares,NASDAQ,33700820566,0.039158
RJF,Raymond James Financial Inc. Common Stock,NYSE,33367062390,0.038770
JBL,Jabil Inc. Common Stock,NYSE,33330677269,0.038728
ALNY,Alnylam Pharmaceuticals Inc. Common Stock,NASDAQ,33275651464,0.038664
CNC,Centene Corporation Common Stock,NYSE,32811147900,0.038124
VMC,Vulcan Materials Company (Holding Company) Common Stock,NYSE,32749730495,0.038053
P,Everpure Inc. Class A common stock,NYSE,32716251503,0.038014
KMB,Kimberly-Clark Corporation Common Stock,NASDAQ,32642632580,0.037928
RBLX,Roblox Corporation Class A Common Stock,NYSE,32504105316,0.037767
CCI,Crown Castle Inc. Common Stock,NYSE,32172940297,0.037383
EXPE,Expedia Group Inc. Common Stock,NASDAQ,32153881070,0.037360
BIIB,Biogen Inc. Common Stock,NASDAQ,32084780666,0.037280
HPQ,HP Inc. Common Stock,NYSE,31995543580,0.037176
RMD,ResMed Inc. Common Stock,NYSE,31485950831,0.036584
DXCM,DexCom Inc. Common Stock,NASDAQ,31332264318,0.036406
ILMN,Illumina Inc. Common Stock,NASDAQ,31173950000,0.036222
CCL,Carnival Corporation Ltd. Common Shares,NYSE,31159517457,0.036205
MLM,Martin Marietta Materials Inc. Common Stock,NYSE,30631175256,0.035591
CRDO,Credo Technology Group Holding Ltd Ordinary Shares,NASDAQ,30626765038,0.035586
RDDT,Reddit Inc. Class A Common Stock,NYSE,30354397383,0.035270
ZTS,Zoetis Inc. Class A Common Stock,NYSE,30152926238,0.035036
FTI,TechnipFMC plc Ordinary Share,NYSE,29937829380,0.034786
HAL,Halliburton Company Common Stock,NYSE,29859392353,0.034694
SUNB,Sunbelt Rentals Holdings Inc. Common Stock,NYSE,29781712714,0.034604
CFG,Citizens Financial Group Inc. Common Stock,NYSE,29684540018,0.034491
ON,ON Semiconductor Corporation Common Stock,NASDAQ,29642719194,0.034443
MDB,MongoDB Inc. Class A Common Stock,NASDAQ,29178312274,0.033903
KHC,The Kraft Heinz Company Common Stock,NASDAQ,29171264447,0.033895
OKTA,Okta Inc. Class A Common Stock,NASDAQ,29107684512,0.033821
EXR,Extra Space Storage Inc Common Stock,NYSE,29079141963,0.033788
AEE,Ameren Corporation Common Stock,NYSE,29040857030,0.033743
GEHC,GE HealthCare Technologies Inc. Common Stock,NASDAQ,28876302090,0.033552
IR,Ingersoll Rand Inc. Common Stock,NYSE,28296798357,0.032879
SYF,Synchrony Financial Common Stock,NYSE,28272653073,0.032851
INSM,Insmed Incorporated Common Stock,NASDAQ,28260750303,0.032837
TDY,Teledyne Technologies Incorporated Common Stock,NYSE,27989091801,0.032521
ZM,Zoom Communications Inc. Class A Common Stock,NASDAQ,27885769260,0.032401
LPLA,LPL Financial Holdings Inc. Common Stock,NASDAQ,27857447356,0.032368
FTS,Fortis Inc. Common Shares,NYSE,27777633000,0.032276
LVS,Las Vegas Sands Corp. Common Stock,NYSE,27741041711,0.032233
CPRT,Copart Inc. (DE) Common Stock,NASDAQ,27728053886,0.032218
FOXA,Fox Corporation Class A Common Stock,NASDAQ,27671730825,0.032153
DTE,DTE Energy Company Common Stock,NYSE,27588316188,0.032056
ATO,Atmos Energy Corporation Common Stock,NYSE,27577241964,0.032043
DG,Dollar General Corporation Common Stock,NYSE,27484439698,0.031935
FISV,Fiserv Inc. Common Stock,NASDAQ,27428527469,0.031870
AWK,American Water Works Company Inc. Common Stock,NYSE,27362994495,0.031794
VICI,VICI Properties Inc. Common Stock,NYSE,27339755864,0.031767
CPNG,Coupang Inc. Class A Common Stock,NYSE,27178376934,0.031579
ATI,ATI Inc. Common Stock,NYSE,27066587029,0.031449
ECHO,EchoStar  Corporation Common Stock,NASDAQ,27056304543,0.031437
CTSH,Cognizant Technology Solutions Corporation Class A Common Stock,NASDAQ,27026652540,0.031403
ZS,Zscaler Inc. Common Stock,NASDAQ,26829020009,0.031173
CPAY,Corpay Inc. Common Stock,NYSE,26803561504,0.031144
FE,FirstEnergy Corp. Common Stock,NYSE,26692660063,0.031015
WSM,Williams-Sonoma Inc. Common Stock (DE),NYSE,26645182308,0.030960
Q,Qnity Electronics Inc. Common Stock,NYSE,26443959835,0.030726
VRSN,VeriSign Inc. Common Stock,NASDAQ,26431713000,0.030712
SMCI,Super Micro Computer Inc. Common Stock,NASDAQ,26344311898,0.030610
OTIS,Otis Worldwide Corporation Common Stock,NYSE,26304251325,0.030564
GFS,GlobalFoundries Inc. Ordinary Shares,NASDAQ,26123790169,0.030354
CINF,Cincinnati Financial Corporation Common Stock,NASDAQ,26060572041,0.030280
WRB,W.R. Berkley Corporation Common Stock,NYSE,25948804277,0.030151
DGX,Quest Diagnostics Incorporated Common Stock,NYSE,25939947067,0.030140
ES,Eversource Energy (D/B/A) Common Stock,NYSE,25809754144,0.029989
CNP,CenterPoint Energy Inc (Holding Co) Common Stock,NYSE,25762550464,0.029934
RF,Regions Financial Corporation Common Stock,NYSE,25668636016,0.029825
PPL,PPL Corporation Common Stock,NYSE,25646728181,0.029800
SYM,Symbotic Inc. Class A Common Stock,NASDAQ,25480295958,0.029606
DOV,Dover Corporation Common Stock,NYSE,25461296536,0.029584
TPL,Texas Pacific Land Corporation Common Stock,NYSE,25458555495,0.029581
JBHT,J.B. Hunt Transport Services Inc. Common Stock,NASDAQ,25399295253,0.029512
LH,Labcorp Holdings Inc. Common Stock,NYSE,25265894000,0.029357
EXPD,Expeditors International of Washington Inc. Common Stock,NYSE,25036193797,0.029090
XYL,Xylem Inc. Common Stock New,NYSE,24973749412,0.029018
PFG,Principal Financial Group Inc Common Stock,NASDAQ,24871465622,0.028899
INCY,Incyte Corp. Common Stock,NASDAQ,24621695207,0.028609
FCNCA,First Citizens BancShares Inc. Class A Common Stock,NASDAQ,24539949760,0.028514
FOX,Fox Corporation Class B Common Stock,NASDAQ,24528551209,0.028500
WST,West Pharmaceutical Services Inc. Common Stock,NYSE,24366200077,0.028312
HUBB,Hubbell Inc Common Stock,NYSE,24324115688,0.028263
AFRM,Affirm Holdings Inc. Class A Common Stock,NASDAQ,24105374529,0.028009
FWONK,Liberty Media Corporation Series C Liberty Formula One Common Stock,NASDAQ,23965224081,0.027846
DRI,Darden Restaurants Inc. Common Stock,NYSE,23943824913,0.027821
NRG,NRG Energy Inc. Common Stock,NYSE,23850481401,0.027713
TW,Tradeweb Markets Inc. Class A Common Stock,NASDAQ,23739826897,0.027584
TPR,Tapestry Inc. Common Stock,NYSE,23625919926,0.027452
BG,Bunge Limited Common Shares,NYSE,23517301846,0.027325
PPG,PPG Industries Inc. Common Stock,NYSE,23452650000,0.027250
ULTA,Ulta Beauty Inc. Common Stock,NASDAQ,23378929993,0.027165
GPN,Global Payments Inc. Common Stock,NYSE,23363157653,0.027146
FFIV,F5 Inc. Common Stock,NASDAQ,23313977101,0.027089
KEY,KeyCorp Common Stock,NYSE,23306087619,0.027080
ASTS,AST SpaceMobile Inc. Class A Common Stock,NASDAQ,23295566191,0.027068
RIVN,Rivian Automotive Inc. Class A Common Stock,NASDAQ,23209205899,0.026967
CRCL,Circle Internet Group Inc. Class A Common Stock,NYSE,23001154819,0.026726
ROKU,Roku Inc. Class A Common Stock,NASDAQ,22994550867,0.026718
VLTO,Veralto Corp Common Stock,NYSE,22940953670,0.026656
VRSK,Verisk Analytics Inc. Common Stock,NASDAQ,22933489314,0.026647
CASY,Casey's General Stores Inc. Common Stock,NASDAQ,22747873983,0.026431
TROW,T. Rowe Price Group Inc. Common Stock,NASDAQ,22673341697,0.026345
SN,SharkNinja Inc. Ordinary Shares,NYSE,22652145562,0.026320
IOT,Samsara Inc. Class A Common Stock,NYSE,22475527921,0.026115
FSLR,First Solar Inc. Common Stock,NASDAQ,22464409786,0.026102
SOFI,SoFi Technologies Inc. Common Stock,NASDAQ,22369998012,0.025992
CHD,Church & Dwight Company Inc. Common Stock,NYSE,22332747844,0.025949
L,Loews Corporation Common Stock,NYSE,22239691659,0.025841
DLTR,Dollar Tree Inc. Common Stock,NASDAQ,22172272433,0.025763
PHM,PulteGroup Inc. Common Stock,NYSE,22168137380,0.025758
BRO,Brown & Brown Inc. Common Stock,NYSE,22147859530,0.025734
MKL,Markel Group Inc. Common Stock,NYSE,22105915264,0.025685
CRS,Carpenter Technology Corporation Common Stock,NYSE,21963860866,0.025520
EXE,Expand Energy Corporation Common Stock,NASDAQ,21953504311,0.025508
ARXS,Arxis Inc. Class A Common Stock,NASDAQ,21896530707,0.025442
FWONA,Liberty Media Corporation Series A Liberty Formula One Common Stock,NASDAQ,21819159450,0.025352
OMC,Omnicom Group Inc. Common Stock,NYSE,21676074853,0.025186
EIX,Edison International Common Stock,NYSE,21549582824,0.025039
SNX,TD SYNNEX Corporation Common Stock,NYSE,21525695626,0.025011
ENTG,Entegris Inc. Common Stock,NASDAQ,21448536000,0.024922
RGLD,Royal Gold Inc. Common Stock,NASDAQ,21375143764,0.024836
IFF,International Flavors & Fragrances Inc. Common Stock,NYSE,21333088406,0.024787
XPO,XPO Inc. Common Stock,NYSE,21330812194,0.024785
UTHR,United Therapeutics Corporation Common Stock,NASDAQ,21321391900,0.024774
FICO,Fair Isaac Corporation Common Stock,NYSE,21282093553,0.024728
THC,Tenet Healthcare Corporation Common Stock,NYSE,21232055110,0.024670
CDE,Coeur Mining Inc. Common Stock,NYSE,21154902259,0.024580
GH,Guardant Health Inc. Common Stock,NASDAQ,21119793235,0.024540
CMS,CMS Energy Corporation Common Stock,NYSE,21056704682,0.024466
MTSI,MACOM Technology Solutions Holdings Inc. Common Stock,NASDAQ,20994368932,0.024394
DOW,Dow Inc. Common Stock,NYSE,20969550840,0.024365
STZ,Constellation Brands Inc. Common Stock,NYSE,20911819243,0.024298
PKG,Packaging Corporation of America Common Stock,NYSE,20884641286,0.024266
CW,Curtiss-Wright Corporation Common Stock,NYSE,20642660752,0.023985
USFD,US Foods Holding Corp. Common Stock,NYSE,20624971131,0.023965
STE,STERIS plc (Ireland) Ordinary Shares,NYSE,20549123184,0.023877
RL,Ralph Lauren Corporation Common Stock,NYSE,20203741423,0.023475
CF,CF Industries Holdings Inc. Common Stock,NYSE,20138564959,0.023400
RS,Reliance Inc. Common Stock,NYSE,20126216127,0.023385
PR,Permian Resources Corporation Class A Common Stock,NYSE,19917106150,0.023142
WWD,Woodward Inc. Common Stock,NASDAQ,19913793253,0.023138
NI,NiSource Inc Common Stock,NYSE,19858583741,0.023074
EFX,Equifax Inc. Common Stock,NYSE,19854947424,0.023070
SBAC,SBA Communications Corporation Class A Common Stock,NASDAQ,19676161762,0.022862
FIS,Fidelity National Information Services Inc. Common Stock,NYSE,19669023674,0.022854
SNA,Snap-On Incorporated Common Stock,NYSE,19420431435,0.022565
U,Unity Software Inc. Common Stock,NYSE,19346309495,0.022479
MTZ,MasTec Inc. Common Stock,NYSE,19306112549,0.022432
CDW,CDW Corporation Common Stock,NASDAQ,19226429945,0.022340
LUV,Southwest Airlines Company Common Stock,NYSE,19196529807,0.022305
FDXF,FedEx Freight Holding Company Inc. Common Stock,NYSE,19184671645,0.022291
LEN,Lennar Corporation Class A Common Stock,NYSE,19175253303,0.022280
DINO,HF Sinclair Corporation Common Stock,NYSE,19172210276,0.022277
GIS,General Mills Inc. Common Stock,NYSE,19166466571,0.022270
BR,Broadridge Financial Solutions Inc. Common Stock,NYSE,19126016397,0.022223
SITM,SiTime Corporation Common Stock,NASDAQ,19114954744,0.022210
FTAI,FTAI Aviation Ltd. Common Stock,NASDAQ,19109681351,0.022204
BBY,Best Buy Co. Inc. Common Stock,NYSE,19043274978,0.022127
VTRS,Viatris Inc. Common Stock,NASDAQ,18963235165,0.022034
SSNC,SS&C Technologies Holdings Inc. Common Stock,NASDAQ,18835756529,0.021886
EVRG,Evergy Inc. Common Stock,NASDAQ,18818892579,0.021866
TSN,Tyson Foods Inc. Common Stock,NYSE,18638444106,0.021657
TOST,Toast Inc. Class A Common Stock,NYSE,18565360000,0.021572
GPC,Genuine Parts Company Common Stock,NYSE,18429092449,0.021413
ITT,ITT Inc. Common Stock,NYSE,18250116000,0.021205
IP,International Paper Company Common Stock,NYSE,18196021592,0.021142
GEN,Gen Digital Inc. Common Stock,NASDAQ,18113243588,0.021046
MKSI,MKS Inc. Common Stock,NASDAQ,18074849429,0.021002
TPG,TPG Inc. Class A Common Stock,NASDAQ,18022945951,0.020941
RBRK,Rubrik Inc. Class A Common Stock,NYSE,17962929119,0.020872
CHRW,C.H. Robinson Worldwide Inc. Common Stock,NASDAQ,17852535197,0.020743
ZBH,Zimmer Biomet Holdings Inc. Common Stock,NYSE,17832066545,0.020720
NTNX,Nutanix Inc. Class A Common Stock,NASDAQ,17819527953,0.020705
NWS,News Corporation Class B Common Stock,NASDAQ,17697831789,0.020564
EWBC,East West Bancorp Inc. Common Stock,NASDAQ,17697821440,0.020564
ESS,Essex Property Trust Inc. Common Stock,NYSE,17539499687,0.020380
NDSN,Nordson Corporation Common Stock,NASDAQ,17515779626,0.020352
LNT,Alliant Energy Corporation Common Stock,NASDAQ,17439488855,0.020263
WCC,WESCO International Inc. Common Stock,NYSE,17364490537,0.020176
TSCO,Tractor Supply Company Common Stock,NASDAQ,17199534922,0.019985
DD,DuPont de Nemours Inc. Common Stock,NYSE,17149107395,0.019926
BEN,Franklin Templeton Inc. Common Stock,NYSE,17096788022,0.019865
CLH,Clean Harbors Inc. Common Stock,NYSE,17040779399,0.019800
LSCC,Lattice Semiconductor Corporation Common Stock,NASDAQ,17009545375,0.019764
ROL,Rollins Inc. Common Stock,NYSE,16710179881,0.019416
CHTR,Charter Communications Inc. Class A Common Stock New,NASDAQ,16701961009,0.019406
J,Jacobs Solutions Inc. Common Stock,NYSE,16601926970,0.019290
ZBRA,Zebra Technologies Corporation Class A Common Stock,NASDAQ,16576235944,0.019260
ONON,On Holding AG Class A Ordinary Shares,NYSE,16540045629,0.019218
IEX,IDEX Corporation Common Stock,NYSE,16528737882,0.019205
FTV,Fortive Corporation Common Stock,NYSE,16517312574,0.019192
NLY,Annaly Capital Management Inc. Common Stock,NYSE,16506346280,0.019179
OWL,Blue Owl Capital Inc. Class A Common Stock,NYSE,16464013875,0.019130
NVR,NVR Inc. Common Stock,NYSE,16417562894,0.019076
MEDP,Medpace Holdings Inc. Common Stock,NASDAQ,16398655546,0.019054
APG,APi Group Corporation Common Stock,NYSE,16361588844,0.019011
INVH,Invitation Homes Inc. Common Stock,NYSE,16265763644,0.018900
RGA,Reinsurance Group of America Incorporated Common Stock,NYSE,16241830119,0.018872
LDOS,Leidos Holdings Inc. Common Stock,NYSE,16170926052,0.018789
VNOM,Viper Energy Inc. Class A Common Stock,NASDAQ,16059603666,0.018660
JLL,Jones Lang LaSalle Incorporated Common Stock,NYSE,15963292710,0.018548
NWSA,News Corporation Class A Common Stock,NASDAQ,15928589663,0.018508
WY,Weyerhaeuser Company Common Stock,NYSE,15899436160,0.018474
NBIX,Neurocrine Biosciences Inc. Common Stock,NASDAQ,15879635056,0.018451
BALL,Ball Corporation Common Stock,NYSE,15855731084,0.018423
WPC,W. P. Carey Inc. REIT,NYSE,15746702676,0.018297
APA,APA Corporation Common Stock,NASDAQ,15671223042,0.018209
RBC,RBC Bearings Incorporated Common Stock,NYSE,15665944203,0.018203
AS,Amer Sports Inc. Ordinary Shares,NYSE,15653723553,0.018188
STRL,Sterling Infrastructure Inc. Common Stock,NASDAQ,15631956239,0.018163
SMTC,Semtech Corporation Common Stock,NASDAQ,15607777692,0.018135
KIM,Kimco Realty Corporation (HC) Common Stock,NYSE,15555605560,0.018074
CRBG,Corebridge Financial Inc. Common Stock,NYSE,15454933338,0.017958
ARMK,Aramark Common Stock,NYSE,15435246326,0.017935
SGI,Somnigroup International Inc. Common Stock,NYSE,15370768324,0.017860
H,Hyatt Hotels Corporation Class A Common Stock,NYSE,15361455075,0.017849
AKAM,Akamai Technologies Inc. Common Stock,NASDAQ,15347496675,0.017833
HST,Host Hotels & Resorts Inc. Common Stock,NASDAQ,15237166634,0.017704
LAMR,Lamar Advertising Company Class A Common Stock,NASDAQ,15139026891,0.017590
BMNR,BitMine Immersion Technologies Inc. Common Stock,NYSE,15098756642,0.017544
CG,The Carlyle Group Inc. Common Stock,NASDAQ,15087130667,0.017530
PS,Pershing Square Inc. Common Stock,NYSE,15068000000,0.017508
BURL,Burlington Stores Inc. Common Stock,NYSE,15015344213,0.017447
PNFP,Pinnacle Financial Partners Inc. Common stock,NYSE,15000951773,0.017430
TLN,Talen Energy Corporation Common Stock,NASDAQ,14984705360,0.017411
UNM,Unum Group Common Stock,NYSE,14947327867,0.017368
TRU,TransUnion Common Stock,NYSE,14887320000,0.017298
SOLV,Solventum Corporation Common Stock,NYSE,14886065101,0.017297
WMG,Warner Music Group Corp. Class A Common Stock,NASDAQ,14819699756,0.017219
PFGC,Performance Food Group Company Common Stock,NYSE,14798653026,0.017195
DT,Dynatrace Inc. Common Stock,NYSE,14759338677,0.017149
LOGI,Logitech International S.A. Ordinary Shares,NASDAQ,14705441696,0.017087
EQH,Equitable Holdings Inc. Common Stock,NYSE,14563695274,0.016922
YUMC,Yum China Holdings Inc. Common Stock,NYSE,14492828316,0.016840
MAA,Mid-America Apartment Communities Inc. Common Stock,NYSE,14478380014,0.016823
DOCN,DigitalOcean Holdings Inc. Common Stock,NYSE,14456405673,0.016797
ULS,UL Solutions Inc. Class A Common Stock,NYSE,14385244826,0.016715
OHI,Omega Healthcare Investors Inc. Common Stock,NYSE,14238580870,0.016544
PTC,PTC Inc. Common Stock,NASDAQ,14190448814,0.016488
PAG,Penske Automotive Group Inc. Common Stock,NYSE,14177270909,0.016473
ARCC,Ares Capital Corporation Common Stock,NASDAQ,14173770960,0.016469
BBIO,BridgeBio Pharma Inc. Common Stock,NASDAQ,14161112617,0.016454
IONQ,IonQ Inc. Common Stock,NYSE,14001835040,0.016269
SMMT,Summit Therapeutics Inc. Common Stock,NASDAQ,14000505515,0.016268
DOC,Healthpeak Properties Inc. Common Stock,NYSE,13997403378,0.016264
SUI,Sun Communities Inc. Common Stock,NYSE,13943773557,0.016202
AIZ,Assurant Inc. Common Stock,NYSE,13931991227,0.016188
TXT,Textron Inc. Common Stock,NYSE,13930940277,0.016187
EXEL,Exelixis Inc. Common Stock,NASDAQ,13905508555,0.016157
RVTY,Revvity Inc. Common Stock,NYSE,13871305508,0.016117
ALB,Albemarle Corporation Common Stock,NYSE,13867954299,0.016114
ONTO,Onto Innovation Inc. Common Stock,NYSE,13802622711,0.016038
MKC,McCormick & Company Incorporated Common Stock,NYSE,13797461649,0.016032
LECO,Lincoln Electric Holdings Inc. Common Shares,NASDAQ,13793226866,0.016027
TYL,Tyler Technologies Inc. Common Stock,NYSE,13787402088,0.016020
IESC,IES Holdings Inc. Common Stock,NASDAQ,13776098226,0.016007
BWXT,BWX Technologies Inc. Common Stock,NYSE,13754291638,0.015981
CACI,CACI International Inc. Class A Common Stock,NYSE,13727606668,0.015950
REG,Regency Centers Corporation Common Stock,NASDAQ,13664455217,0.015877
BWA,BorgWarner Inc. Common Stock,NYSE,13574362494,0.015772
CET,Central Securities Corporation Common Stock,AMEX,13553411200,0.015748
MAS,Masco Corporation Common Stock,NYSE,13511282704,0.015699
W,Wayfair Inc. Class A Common Stock,NYSE,13500942660,0.015687
JBS,JBS N.V. Class A Common Shares,NYSE,13482998464,0.015666
SWK,Stanley Black & Decker Inc. Common Stock,NYSE,13476725043,0.015659
FIVE,Five Below Inc. Common Stock,NASDAQ,13466216961,0.015647
TRMB,Trimble Inc. Common Stock,NASDAQ,13445150036,0.015622
MLI,Mueller Industries Inc. Common Stock,NYSE,13377050346,0.015543
TTMI,TTM Technologies Inc. Common Stock,NASDAQ,13320310364,0.015477
CSL,Carlisle Companies Incorporated Common Stock,NYSE,13313765947,0.015470
SWKS,Skyworks Solutions Inc. Common Stock,NASDAQ,13294270290,0.015447
HL,Hecla Mining Company Common Stock,NYSE,13287579565,0.015439
CRL,Charles River Laboratories International Inc. Common Stock,NYSE,13283818523,0.015435
GL,Globe Life Inc. Common Stock,NYSE,13154319843,0.015284
DTM,DT Midstream Inc. Common Stock,NYSE,13145691043,0.015274
ALLE,Allegion plc Ordinary Shares,NYSE,13040391133,0.015152
WSO,Watsco Inc. Common Stock,NYSE,12962264399,0.015061
SJM,The J.M. Smucker Company Common Stock,NYSE,12940560389,0.015036
HAS,Hasbro Inc. Common Stock,NASDAQ,12911210509,0.015002
QNT,Quantinuum Inc. Class A Common Stock,NASDAQ,12909998202,0.015000
BNT,Brookfield Wealth Solutions Ltd. Class A Exchangeable Limited Voting Shares,NYSE,12908765735,0.014999
CNA,CNA Financial Corporation Common Stock,NYSE,12899546238,0.014988
AUR,Aurora Innovation Inc. Class A Common Stock,NASDAQ,12886718373,0.014973
AMKR,Amkor Technology Inc. Common Stock,NASDAQ,12852446377,0.014934
AVY,Avery Dennison Corporation Common Stock,NYSE,12836995492,0.014916
SEIC,SEI Investments Company Common Stock,NASDAQ,12833651131,0.014912
COKE,Coca-Cola Consolidated Inc. Common Stock,NASDAQ,12820948667,0.014897
RPM,RPM International Inc. Common Stock,NYSE,12800966897,0.014874
ALLY,Ally Financial Inc. Common Stock,NYSE,12797681085,0.014870
QXO,QXO Inc. Common Stock,NYSE,12771510628,0.014840
AA,Alcoa Corporation Common Stock,NYSE,12736269816,0.014799
BMRN,BioMarin Pharmaceutical Inc. Common Stock,NASDAQ,12713924491,0.014773
LII,Lennox International Inc. Common Stock,NYSE,12650589477,0.014699
MAIR,Madison Air Solutions Corporation Class A Common Stock,NYSE,12648427049,0.014697
NXT,Nextpower Inc. Common Stock,NASDAQ,12576859913,0.014613
PEN,Penumbra Inc. Common Stock,NYSE,12515201052,0.014542
AHR,American Healthcare REIT Inc. Common Stock,NYSE,12494063016,0.014517
CHYM,Chime Financial Inc. Class A Common Stock,NASDAQ,12493308663,0.014516
UHAL,U-Haul Holding Company Common Stock,NYSE,12450903355,0.014467
TOL,Toll Brothers Inc. Common Stock,NYSE,12432473240,0.014446
GGG,Graco Inc. Common Stock,NYSE,12421858301,0.014433
GDDY,GoDaddy Inc. Class A Common Stock,NYSE,12420340331,0.014432
FIG,Figma Inc. Class A Common Stock,NYSE,12365828914,0.014368
MDGL,Madrigal Pharmaceuticals Inc. Common Stock,NASDAQ,12348924306,0.014349
CSGP,CoStar Group Inc. Common Stock,NASDAQ,12342318530,0.014341
BAX,Baxter International Inc. Common Stock,NYSE,12304504776,0.014297
DKNG,DraftKings Inc. Class A Common Stock,NASDAQ,12282273148,0.014271
DOCU,DocuSign Inc. Common Stock,NASDAQ,12270145974,0.014257
CCK,Crown Holdings Inc.,NYSE,12250783959,0.014235
CORT,Corcept Therapeutics Incorporated Common Stock,NASDAQ,12192418198,0.014167
HALO,Halozyme Therapeutics Inc. Common Stock,NASDAQ,12166985600,0.014137
HUT,Hut 8 Corp. Common Stock,NASDAQ,12153383545,0.014121
SF,Stifel Financial Corporation Common Stock,NYSE,12043898304,0.013994
AGNC,AGNC Investment Corp. Common Stock,NASDAQ,12032636687,0.013981
MICC,The Magnum Ice Cream Company N.V. Ordinary Shares,NYSE,12030903871,0.013979
DKS,Dick's Sporting Goods Inc Common Stock,NYSE,12007752857,0.013952
EHC,Encompass Health Corporation Common Stock,NYSE,12007103367,0.013951
TXRH,Texas Roadhouse Inc. Common Stock,NASDAQ,11895448610,0.013822
PSKY,Paramount Skydance Corporation Class B Common Stock,NASDAQ,11892625257,0.013818
WTS,Watts Water Technologies Inc. Class A Common Stock,NYSE,11885033461,0.013810
AIT,Applied Industrial Technologies Inc. Common Stock,NYSE,11882355596,0.013806
FNF,Fidelity National Financial Inc. Common Stock,NYSE,11835349456,0.013752
AR,Antero Resources Corporation Common Stock,NYSE,11814880770,0.013728
AFG,American Financial Group Inc. Common Stock,NYSE,11771531313,0.013678
MANH,Manhattan Associates Inc. Common Stock,NASDAQ,11767109449,0.013673
GWRE,Guidewire Software Inc. Common Stock,NYSE,11732486815,0.013632
GLPI,Gaming and Leisure Properties Inc. Common Stock,NASDAQ,11706622530,0.013602
ARWR,Arrowhead Pharmaceuticals Inc. Common Stock,NASDAQ,11702932591,0.013598
CR,Crane Company Common Stock,NYSE,11665267848,0.013554
ELS,Equity Lifestyle Properties Inc. Common Stock,NYSE,11659402310,0.013547
WTRG,Essential Utilities Inc. Common Stock,NYSE,11654787307,0.013542
PNW,Pinnacle West Capital Corporation Common Stock,NYSE,11647054187,0.013533
BTSG,BrightSpring Health Services Inc. Common Stock,NASDAQ,11620566874,0.013502
ARW,Arrow Electronics Inc. Common Stock,NYSE,11616617529,0.013498
BEPC,Brookfield Renewable Corporation Brookfield Renewable Corporation Class A Subordinate Voting Shares,NYSE,11596789420,0.013475
FHN,First Horizon Corporation Common Stock,NYSE,11593327056,0.013471
DVA,DaVita Inc. Common Stock,NYSE,11582890000,0.013458
SANM,Sanmina Corporation Common Stock,NASDAQ,11577028896,0.013452
ELAN,Elanco Animal Health Incorporated Common Stock,NYSE,11576237801,0.013451
AXSM,Axsome Therapeutics Inc. Common Stock,NASDAQ,11563065574,0.013435
BJ,BJ's Wholesale Club Holdings Inc. Common Stock,NYSE,11556531171,0.013428
AEIS,Advanced Energy Industries Inc. Common Stock,NASDAQ,11504489465,0.013367
IT,Gartner Inc. Common Stock,NYSE,11340924600,0.013177
HRL,Hormel Foods Corporation Common Stock,NYSE,11320715956,0.013154
ERIE,Erie Indemnity Company Class A Common Stock,NASDAQ,11317707332,0.013150
TECH,Bio-Techne Corp Common Stock,NASDAQ,11309731325,0.013141
AMH,American Homes 4 Rent Common Shares of Beneficial Interest,NYSE,11306984637,0.013138
JKHY,Jack Henry & Associates Inc. Common Stock,NASDAQ,11296543401,0.013126
UDR,UDR Inc. Common Stock,NYSE,11282799477,0.013110
CART,Maplebear Inc. Common Stock,NASDAQ,11280998265,0.013108
HUBS,HubSpot Inc. Common Stock,NYSE,11236351071,0.013056
SCI,Service Corporation International Common Stock,NYSE,11231486958,0.013050
DECK,Deckers Outdoor Corporation Common Stock,NYSE,11086384228,0.012882
KNX,Knight-Swift Transportation Holdings Inc.,NYSE,11062525320,0.012854
GNRC,Generac Holdlings Inc. Common Stock,NYSE,11033599443,0.012820
HII,Huntington Ingalls Industries Inc. Common Stock,NYSE,11021072015,0.012806
LFUS,Littelfuse Inc. Common Stock,NASDAQ,10979878328,0.012758
EVR,Evercore Inc. Class A Common Stock,NYSE,10814711751,0.012566
RRX,Regal Rexnord Corporation Common Stock,NYSE,10807194095,0.012557
CGNX,Cognex Corporation Common Stock,NASDAQ,10803335133,0.012553
PINS,Pinterest Inc. Class A Common Stock,NYSE,10788263164,0.012535
FROG,JFrog Ltd. Ordinary Shares,NASDAQ,10749408293,0.012490
NYT,New York Times Company (The) Common Stock,NYSE,10734431411,0.012473
ALGN,Align Technology Inc. Common Stock,NASDAQ,10714230479,0.012449
TEM,Tempus AI Inc. Class A Common Stock,NASDAQ,10713628707,0.012448
GSAT,Globalstar Inc. Common Stock,NASDAQ,10686388407,0.012417
GME,GameStop Corporation Common Stock,NYSE,10670195939,0.012398
MOH,Molina Healthcare Inc Common Stock,NYSE,10660806000,0.012387
EGP,EastGroup Properties Inc. Common Stock,NYSE,10653569564,0.012379
CLX,Clorox Company (The) Common Stock,NYSE,10612904999,0.012331
UMBF,UMB Financial Corporation Common Stock,NASDAQ,10594269685,0.012310
AES,The AES Corporation Common Stock,NYSE,10551757338,0.012260
ALSN,Allison Transmission Holdings Inc. Common Stock,NYSE,10482456144,0.012180
AM,Antero Midstream Corporation Common Stock,NYSE,10471308440,0.012167
BPOP,Popular Inc. Common Stock,NASDAQ,10441178399,0.012132
OC,Owens Corning Inc Common Stock New,NYSE,10426521288,0.012115
CPT,Camden Property Trust Common Stock,NYSE,10356558444,0.012034
DCI,Donaldson Company Inc. Common Stock,NYSE,10345061748,0.012020
BXP,BXP Inc. Common Stock,NYSE,10330102673,0.012003
DPZ,Domino's Pizza Inc Common Stock,NASDAQ,10308268626,0.011977
MGM,MGM Resorts International Common Stock,NYSE,10304510174,0.011973
UHS,Universal Health Services Inc. Common Stock,NYSE,10303870917,0.011972
QRVO,Qorvo Inc. Common Stock,NASDAQ,10291053489,0.011957
SSB,SouthState Bank Corporation Common Stock,NYSE,10277361113,0.011942
DAR,Darling Ingredients Inc. Common Stock,NYSE,10274547861,0.011938
KRYS,Krystal Biotech Inc. Common Stock,NASDAQ,10270796092,0.011934
WTFC,Wintrust Financial Corporation Common Stock,NASDAQ,10265621539,0.011928
CYTK,Cytokinetics Incorporated Common Stock,NASDAQ,10255757546,0.011916
COO,The Cooper Companies Inc. Common Stock,NASDAQ,10251271900,0.011911
VSAT,ViaSat Inc. Common Stock,NASDAQ,10236634241,0.011894
DDS,Dillard's Inc. Common Stock,NYSE,10161546237,0.011807
ENSG,The Ensign Group Inc. Common Stock,NASDAQ,10139977867,0.011782
CFR,Cullen/Frost Bankers Inc. Common Stock,NYSE,10125280052,0.011765
OSCR,Oscar Health Inc. Class A Common Stock,NYSE,10114296650,0.011752
JEF,Jefferies Financial Group Inc. Common Stock,NYSE,10066870172,0.011697
MOD,Modine Manufacturing Company Common Stock,NYSE,10054235624,0.011682
ZION,Zions Bancorporation N.A. Common Stock,NASDAQ,10034293156,0.011659
AVTR,Avantor Inc. Common Stock,NYSE,10016874420,0.011639
GMED,Globus Medical Inc. Class A Common Stock,NYSE,9960891400,0.011574
FRT,Federal Realty Investment Trust Common Stock,NYSE,9936641250,0.011546
FCFS,FirstCash Holdings Inc. Common Stock,NASDAQ,9905251684,0.011509
ORI,Old Republic International Corporation Common Stock,NYSE,9889092485,0.011490
BIO,Bio-Rad Laboratories Inc. Class A Common Stock,NYSE,9874942791,0.011474
PAYC,Paycom Software Inc. Common Stock,NYSE,9866628115,0.011464
GKOS,Glaukos Corporation Common Stock,NYSE,9865063463,0.011462
HSIC,Henry Schein Inc. Common Stock,NASDAQ,9847416451,0.011442
SIRI,SiriusXM Holdings Inc. Common Stock,NASDAQ,9825499873,0.011417
ONB,Old National Bancorp Common Stock,NASDAQ,9816746200,0.011406
SAIL,SailPoint Inc. Common Stock,NASDAQ,9778234868,0.011362
SOLS,Solstice Advanced Materials Inc. Common Stock,NASDAQ,9773878615,0.011357
KLAR,Klarna Group plc Ordinary Shares,NYSE,9759063421,0.011339
RYAN,Ryan Specialty Holdings Inc. Class A Common Stock,NYSE,9751659604,0.011331
MTCH,Match Group Inc. Common Stock,NASDAQ,9730666254,0.011306
FPS,Forgent Power Solutions Inc. Class A Common Stock,NYSE,9686927248,0.011256
WMS,Advanced Drainage Systems Inc. Common Stock,NYSE,9642835135,0.011204
MUSA,Murphy USA Inc. Common Stock,NYSE,9623582082,0.011182
OGE,OGE Energy Corp Common Stock,NYSE,9616358910,0.011174
RRC,Range Resources Corporation Common Stock,NYSE,9615912042,0.011173
SPXC,SPX Technologies Inc. Common Stock,NYSE,9607469665,0.011163
SNAP,Snap Inc. Class A Common Stock,NYSE,9606003004,0.011161
JAN,Janus Living Inc. Class A-1 Common Stock,NYSE,9594190794,0.011148
PTGX,Protagonist Therapeutics Inc. Common Stock,NASDAQ,9588473671,0.011141
VIAV,Viavi Solutions Inc. Common Stock,NASDAQ,9561555835,0.011110
KYMR,Kymera Therapeutics Inc. Common Stock,NASDAQ,9558995045,0.011107
AYI,Acuity Inc. Common Stock,NYSE,9548242071,0.011094
HLI,Houlihan Lokey Inc. Class A Common Stock,NYSE,9547194765,0.011093
GLXY,Galaxy Digital Inc. Class A Common Stock,NASDAQ,9537693796,0.011082
FLS,Flowserve Corporation Common Stock,NYSE,9464817599,0.010997
VIRT,Virtu Financial Inc. Class A Common Stock,NYSE,9445485815,0.010975
MSGS,Madison Square Garden Sports Corp. Class A Common Stock (New),NYSE,9441022468,0.010970
RMBS,Rambus Inc. Common Stock,NASDAQ,9432905613,0.010960
VOYA,Voya Financial Inc. Common Stock,NYSE,9368568450,0.010886
SAIA,Saia Inc. Common Stock,NASDAQ,9364135883,0.010880
BSY,Bentley Systems Incorporated Class B Common Stock,NASDAQ,9355816772,0.010871
JXN,Jackson Financial Inc. Class A Common Stock,NYSE,9354694121,0.010869
TTEK,Tetra Tech Inc. Common Stock,NASDAQ,9343061178,0.010856
PRAX,Praxis Precision Medicines Inc. Common Stock,NASDAQ,9341469585,0.010854
VMI,Valmont Industries Inc. Common Stock,NYSE,9332740552,0.010844
R,Ryder System Inc. Common Stock,NYSE,9329792984,0.010841
PBF,PBF Energy Inc. Class A Common Stock,NYSE,9281434415,0.010784
LTH,Life Time Group Holdings Inc. Common Stock,NYSE,9273670842,0.010775
DY,Dycom Industries Inc. Common Stock,NYSE,9273589449,0.010775
FDS,FactSet Research Systems Inc. Common Stock,NYSE,9236727173,0.010732
AMG,Affiliated Managers Group Inc. Common Stock,NYSE,9196050774,0.010685
PODD,Insulet Corporation Common Stock,NASDAQ,9151980100,0.010634
BAH,Booz Allen Hamilton Holding Corporation Common Stock,NYSE,9129629451,0.010608
CTRE,CareTrust REIT Inc. Common Stock,NYSE,9125643345,0.010603
VICR,Vicor Corporation Common Stock,NASDAQ,9124983330,0.010603
SM,SM Energy Company Common Stock,NYSE,9062239991,0.010530
WLK,Westlake Corporation Common Stock,NYSE,9049273564,0.010515
IDCC,InterDigital Inc. Common Stock,NASDAQ,9035457231,0.010499
WYNN,Wynn Resorts Limited Common stock,NASDAQ,9030810241,0.010493
IONS,Ionis Pharmaceuticals Inc. Common Stock,NASDAQ,9008852096,0.010468
OSK,Oshkosh Corporation (Holding Company)Common Stock,NYSE,9004742392,0.010463
PRI,Primerica Inc. Common Stock,NYSE,9000528234,0.010458
MP,MP Materials Corp. Common Stock,NYSE,8995911210,0.010453
FORM,FormFactor Inc. FormFactor Inc. Common Stock,NASDAQ,8979977339,0.010434
LLYVK,Liberty Live Holdings Inc. Series C Liberty Live Group Common Stock,NASDAQ,8957643407,0.010408
AAOI,Applied Optoelectronics Inc. Common Stock,NASDAQ,8945726609,0.010394
TXG,10x Genomics Inc. Class A Common Stock,NASDAQ,8936671213,0.010384
ARE,Alexandria Real Estate Equities Inc. Common Stock,NYSE,8911020730,0.010354
CUBE,CubeSmart Common Shares,NYSE,8902915484,0.010345
KNTK,Kinetik Holdings Inc. Class A Common Stock,NYSE,8890257313,0.010330
EAT,Brinker International Inc. Common Stock,NYSE,8874646975,0.010312
ADC,Agree Realty Corporation Common Stock,NYSE,8859538251,0.010294
PCVX,Vaxcyte Inc. Common Stock,NASDAQ,8849449883,0.010282
BRX,Brixmor Property Group Inc. Common Stock,NYSE,8816441639,0.010244
TTC,Toro Company (The) Common Stock,NYSE,8777188408,0.010198
KTOS,Kratos Defense & Security Solutions Inc. Common Stock,NASDAQ,8764708758,0.010184
ESTC,Elastic N.V. Ordinary Shares,NYSE,8755222839,0.010173
KMX,CarMax Inc,NYSE,8701988407,0.010111
WAL,Western Alliance Bancorporation Common Stock (DE),NYSE,8650607507,0.010051
LLYVA,Liberty Live Holdings Inc. Series A Liberty Live Group Common Stock,NASDAQ,8646665236,0.010047
AAL,American Airlines Group Inc. Common Stock,NASDAQ,8612229063,0.010007
LINE,Lineage Inc. Common Stock,NASDAQ,8596052953,0.009988
MHK,Mohawk Industries Inc. Common Stock,NYSE,8588519405,0.009979
PB,Prosperity Bancshares Inc. Common Stock,NYSE,8574612611,0.009963
COLB,Columbia Banking System Inc. Common Stock,NASDAQ,8518187289,0.009898
SNEX,StoneX Group Inc. Common Stock,NASDAQ,8487799642,0.009862
REXR,Rexford Industrial Realty Inc. Common Stock,NYSE,8482468237,0.009856
AGCO,AGCO Corporation Common Stock,NYSE,8480842382,0.009854
TWST,Twist Bioscience Corporation Common Stock,NASDAQ,8434835356,0.009801
NNN,NNN REIT Inc. Common Stock,NYSE,8420030518,0.009783
RHP,Ryman Hospitality Properties Inc. (REIT),NYSE,8415279476,0.009778
LNC,Lincoln National Corporation Common Stock,NYSE,8393051210,0.009752
IBRX,ImmunityBio Inc. Common Stock,NASDAQ,8383304919,0.009741
ESI,Element Solutions Inc. Common Stock,NYSE,8368345987,0.009723
CBSH,Commerce Bancshares Inc. Common Stock,NASDAQ,8354924369,0.009708
WULF,TeraWulf Inc. Common Stock,NASDAQ,8352735653,0.009705
CHRD,Chord Energy Corporation Common Stock,NASDAQ,8314623523,0.009661
TKR,Timken Company (The) Common Stock,NYSE,8274042577,0.009614
TGTX,TG Therapeutics Inc. Common Stock,NASDAQ,8248891266,0.009585
BOKF,BOK Financial Corporation Common Stock,NASDAQ,8245456183,0.009581
CHWY,Chewy Inc. Class A Common Stock,NYSE,8215392970,0.009546
KNSL,Kinsale Capital Group Inc. Common Stock,NYSE,8200460784,0.009528
AVT,Avnet Inc. Common Stock,NASDAQ,8176930898,0.009501
ACM,AECOM Common Stock,NYSE,8176083880,0.009500
NEU,NewMarket Corp Common Stock,NYSE,8157947834,0.009479
UGI,UGI Corporation Common Stock,NYSE,8148663796,0.009468
BRKR,Bruker Corporation Common Stock,NASDAQ,8140558254,0.009459
FR,First Industrial Realty Trust Inc. Common Stock,NYSE,8137327425,0.009455
PCOR,Procore Technologies Inc. Common Stock,NYSE,8093141302,0.009404
RGEN,Repligen Corporation Common Stock,NASDAQ,8081156145,0.009390
RIOT,Riot Platforms Inc. Common Stock,NASDAQ,8056809334,0.009361
DBX,Dropbox Inc. Class A Common Stock,NASDAQ,8026222175,0.009326
MOS,Mosaic Company (The) Common Stock,NYSE,8007791323,0.009304
SYRE,Spyre Therapeutics Inc. Common Stock,NASDAQ,7988542837,0.009282
SFD,Smithfield Foods Inc. Common Stock,NASDAQ,7977728152,0.009270
HQY,HealthEquity Inc. Common Stock,NASDAQ,7962174393,0.009251
COMP,Compass Inc. Class A Common Stock,NYSE,7961558290,0.009251
SARO,StandardAero Inc. Common Stock,NYSE,7955303121,0.009243
ATR,AptarGroup Inc. Common Stock,NYSE,7937468144,0.009223
LAD,Lithia Motors Inc. Common Stock,NYSE,7870395190,0.009145
THG,Hanover Insurance Group Inc,NYSE,7863798711,0.009137
IDA,IDACORP Inc. Common Stock,NYSE,7839910508,0.009109
GTLB,GitLab Inc. Class A Common Stock,NASDAQ,7828534000,0.009096
AOS,A.O. Smith Corporation Common Stock,NYSE,7799793004,0.009063
EMN,Eastman Chemical Company Common Stock,NYSE,7790246144,0.009052
CBC,Central Bancompany Inc. Class A Common Stock,NASDAQ,7762361361,0.009019
LEVI,Levi Strauss & Co Class A Common Stock,NYSE,7758587330,0.009015
CNM,Core & Main Inc. Class A Common Stock,NYSE,7737868311,0.008991
IMVT,Immunovant Inc. Common Stock,NASDAQ,7716808200,0.008966
APLD,Applied Digital Corporation Common Stock,NASDAQ,7700613939,0.008948
NFG,National Fuel Gas Company Common Stock,NYSE,7698653019,0.008945
BROS,Dutch Bros Inc. Class A Common Stock,NYSE,7668527332,0.008910
ZWS,Zurn Elkay Water Solutions Corporation Common Stock,NYSE,7659603999,0.008900
VLY,Valley National Bancorp Common Stock,NASDAQ,7625952119,0.008861
ZETA,Zeta Global Holdings Corp. Class A Common Stock,NYSE,7575590599,0.008802
GAP,Gap Inc. (The) Common Stock,NYSE,7555820647,0.008779
MTDR,Matador Resources Company Common Stock,NYSE,7555194887,0.008779
NOV,NOV Inc. Common Stock,NYSE,7521688438,0.008740
PRMB,Primo Brands Corporation Class A Common Stock,NYSE,7518846434,0.008736
PCTY,Paylocity Holding Corporation Common Stock,NASDAQ,7516049379,0.008733
ZG,Zillow Group Inc. Class A Common Stock,NASDAQ,7472594721,0.008683
AVAV,AeroVironment Inc. Common Stock,NASDAQ,7456185847,0.008664
RAL,Ralliant Corporation Common Stock,NYSE,7440540538,0.008645
CMC,Commercial Metals Company Common Stock,NYSE,7430636582,0.008634
APPF,AppFolio Inc. Class A Common Stock,NASDAQ,7383734492,0.008579
KEX,Kirby Corporation Common Stock,NYSE,7361376000,0.008553
SLAB,Silicon Laboratories Inc. Common Stock,NASDAQ,7351698451,0.008542
FAF,First American Corporation (New) Common Stock,NYSE,7328738000,0.008515
AXTA,Axalta Coating Systems Ltd. Common Shares,NYSE,7310923098,0.008495
Z,Zillow Group Inc. Class C Capital Stock,NASDAQ,7308436005,0.008492
AUGO,Aura Minerals Inc. Common Shares,NASDAQ,7296365539,0.008478
FLR,Fluor Corporation Common Stock,NYSE,7248765831,0.008423
GJS,Goldman Sachs Group Securities STRATS Trust for Goldman Sachs Group Securities Series 2006-2,NYSE,7245546346,0.008419
NE,Noble Corporation plc A Ordinary Shares,NYSE,7228599631,0.008399
OMF,OneMain Holdings Inc. Common Stock,NYSE,7218852180,0.008388
RYTM,Rhythm Pharmaceuticals Inc. Common Stock,NASDAQ,7209501506,0.008377
PPC,Pilgrim's Pride Corporation Common Stock,NASDAQ,7200401766,0.008366
PATH,UiPath Inc. Class A Common Stock,NYSE,7165886874,0.008326
MORN,Morningstar Inc. Common Stock,NASDAQ,7165842332,0.008326
STAG,Stag Industrial Inc. Common Stock,NYSE,7160901339,0.008320
LUMN,Lumen Technologies Inc. Common Stock,NYSE,7158231104,0.008317
HNGE,Hinge Health Inc. Class A Common Stock,NYSE,7148718402,0.008306
ACA,Arcosa Inc. Common Stock,NYSE,7120487305,0.008273
TRNO,Terreno Realty Corporation Common Stock,NYSE,7112492134,0.008264
SSD,Simpson Manufacturing Company Inc. Common Stock,NYSE,7110432480,0.008262
PACS,PACS Group Inc. Common Stock,NYSE,7087101993,0.008235
SGHC,Super Group (SGHC) Limited Ordinary Shares,NYSE,7031782746,0.008170
MSA,MSA Safety Incorporated Common Stock,NYSE,7028192690,0.008166
HXL,Hexcel Corporation Common Stock,NYSE,7013318938,0.008149
CAG,ConAgra Brands Inc. Common Stock,NYSE,7008987267,0.008144
ESE,ESCO Technologies Inc. Common Stock,NYSE,7002815360,0.008137
CIFR,Cipher Digital Inc. Common Stock,NASDAQ,6993267666,0.008126
FSS,Federal Signal Corporation Common Stock,NYSE,6957522822,0.008084
TEX,Terex Corporation Common Stock,NYSE,6951726000,0.008077
AWI,Armstrong World Industries Inc Common Stock,NYSE,6925609297,0.008047
JMKE,Jersey Mike's Subs Inc. Class A Common Stock,NYSE,6895940519,0.008013
CELH,Celsius Holdings Inc. Common Stock,NASDAQ,6887613979,0.008003
MATX,Matson Inc. Common Stock,NYSE,6883177962,0.007998
CLF,Cleveland-Cliffs Inc. Common Stock,NYSE,6880712967,0.007995
CAI,Caris Life Sciences Inc. Common Stock,NASDAQ,6878366827,0.007992
S,SentinelOne Inc. Class A Common Stock,NYSE,6873970061,0.007987
PLXS,Plexus Corp. Common Stock,NASDAQ,6805346959,0.007907
NCLH,Norwegian Cruise Line Holdings Ltd. Ordinary Shares,NYSE,6805163878,0.007907
ACT,Enact Holdings Inc. Common Stock,NASDAQ,6795817858,0.007896
SFM,Sprouts Farmers Market Inc. Common Stock,NASDAQ,6784697195,0.007883
VCTR,Victory Capital Holdings Inc. Class A Common Stock,NASDAQ,6784505792,0.007883
OGC,OceanaGold Corporation Common Shares,NYSE,6769142114,0.007865
ALGM,Allegro MicroSystems Inc. Common Stock,NASDAQ,6768258290,0.007864
MXL,MaxLinear Inc. Common Stock,NASDAQ,6762991253,0.007858
SRRK,Scholar Rock Holding Corporation Common Stock,NASDAQ,6748122476,0.007841
CHE,Chemed Corp,NYSE,6743707777,0.007836
TTD,The Trade Desk Inc. Class A Common Stock,NASDAQ,6738081982,0.007829
OKLO,Oklo Inc. Class A common stock,NYSE,6737559283,0.007829
AN,AutoNation Inc. Common Stock,NYSE,6733494358,0.007824
URBN,Urban Outfitters Inc. Common Stock,NASDAQ,6731177023,0.007821
MSM,MSC Industrial Direct Company Inc. Common Stock,NYSE,6730037372,0.007820
DUOL,Duolingo Inc. Class A Common Stock,NASDAQ,6722251130,0.007811
LB,LandBridge Company LLC Class A Shares Representing Limited Liability Company Interests,NYSE,6694868032,0.007779
PJT,PJT Partners Inc. Class A Common Stock,NYSE,6693504705,0.007777
ETSY,Etsy Inc. Common Stock,NYSE,6678039984,0.007759
POWL,Powell Industries Inc. Common Stock,NASDAQ,6648942930,0.007726
VNO,Vornado Realty Trust Common Stock,NYSE,6617375619,0.007689
AAON,AAON Inc. Common Stock,NASDAQ,6579388124,0.007645
LW,Lamb Weston Holdings Inc. Common Stock,NYSE,6578466376,0.007644
MGY,Magnolia Oil & Gas Corporation Class A Common Stock,NYSE,6575878428,0.007641
LNTH,Lantheus Holdings Inc. Common Stock,NASDAQ,6543554992,0.007603
WEX,WEX Inc. common stock,NYSE,6527310139,0.007584
CAVA,CAVA Group Inc. Common Stock,NYSE,6527130344,0.007584
BLDR,Builders FirstSource Inc. Common Stock,NYSE,6495598109,0.007547
HR,Healthcare Realty Trust Incorporated Common Stock,NYSE,6477403464,0.007526
ENS,EnerSys Common Stock,NYSE,6471904447,0.007520
FNB,F.N.B. Corporation Common Stock,NYSE,6463447797,0.007510
KGS,Kodiak Gas Services Inc. Common Stock,NYSE,6455492379,0.007501
LEA,Lear Corporation Common Stock,NYSE,6452665626,0.007498
UBSI,United Bankshares Inc. Common Stock,NASDAQ,6431957603,0.007473
HIMS,Hims & Hers Health Inc. Class A Common Stock,NYSE,6418451992,0.007458
CGON,CG Oncology Inc. Common stock,NASDAQ,6413131131,0.007452
MAC,Macerich Company (The) Common Stock,NYSE,6411277469,0.007449
MIRM,Mirum Pharmaceuticals Inc. Common Stock,NASDAQ,6377640979,0.007410
NPO,Enpro Inc. Common Stock,NYSE,6360676464,0.007391
INGM,Ingram Micro Holding Corporation Common Stock,NYSE,6354735455,0.007384
WFRD,Weatherford International plc Ordinary Shares,NASDAQ,6353850440,0.007383
TXNM,TXNM Energy Inc. Common Stock,NYSE,6350952406,0.007379
INGR,Ingredion Incorporated Common Stock,NYSE,6337299250,0.007363
MMED,MiniMed Group Inc. Common Stock,NASDAQ,6330373448,0.007355
JOBY,Joby Aviation Inc. Common Stock,NYSE,6320503874,0.007344
DPC,DPC Holdings PLC Ordinary Shares,NYSE,6319324577,0.007343
MTG,MGIC Investment Corporation Common Stock,NYSE,6305537582,0.007327
GATX,GATX Corporation Common Stock,NYSE,6302109000,0.007323
POOL,Pool Corporation Common Stock,NASDAQ,6288402861,0.007307
CACC,Credit Acceptance Corporation Common Stock,NASDAQ,6272361659,0.007288
CPB,The Campbell's Company Common Stock,NASDAQ,6262331103,0.007276
SWX,Southwest Gas Holdings Inc. Common Stock (DE),NYSE,6238312402,0.007248
TVTX,Travere Therapeutics Inc. Common Stock,NASDAQ,6237255796,0.007247
LOAR,Loar Holdings Inc. Common Stock,NYSE,6231220206,0.007240
EPRT,Essential Properties Realty Trust Inc. Common Stock,NYSE,6226499785,0.007235
QBTS,D-Wave Quantum Inc. Common Stock,NASDAQ,6203632462,0.007208
ANF,Abercrombie & Fitch Company Common Stock,NYSE,6162744572,0.007161
BLCO,Bausch + Lomb Corporation Common Shares,NYSE,6161100494,0.007159
CMBT,CMB.TECH NV Ordinary Shares,NYSE,6155244564,0.007152
RSI,Rush Street Interactive Inc. Class A Common Stock,NYSE,6125769852,0.007118
LGN,Legence Corp. Class A Common stock,NASDAQ,6122475942,0.007114
ORKA,Oruka Therapeutics Inc. Common Stock,NASDAQ,6116451994,0.007107
LKQ,LKQ Corporation Common Stock,NASDAQ,6099880293,0.007088
ECG,Everus Construction Group Inc. Common Stock,NYSE,6098043295,0.007085
EPAM,EPAM Systems Inc. Common Stock,NYSE,6082620930,0.007068
XE,X-Energy Inc. Class A Common Stock,NASDAQ,6067045992,0.007049
ANDG,Andersen Group Inc. Class A Common Stock,NYSE,6061830503,0.007043
CZR,Caesars Entertainment Inc. Common Stock,NASDAQ,6044383437,0.007023
IFS,Intercorp Financial Services Inc. Common Shares,NYSE,6042066395,0.007020
DLB,Dolby Laboratories Common Stock,NYSE,6039763902,0.007018
HWC,Hancock Whitney Corporation Common Stock,NASDAQ,6036785115,0.007014
VSXY,Victorias Secret & Co. Common Stock,NYSE,6034149550,0.007011
RYN,Rayonier Inc. REIT Common Stock,NYSE,6016810624,0.006991
NTSK,Netskope Inc. Class A Common Stock,NASDAQ,6006239896,0.006979
HOMB,Home BancShares Inc. Common Stock,NYSE,5995487411,0.006966
SNDR,Schneider National Inc. Common Stock,NYSE,5986525701,0.006956
PL,Planet Labs PBC Class A Common Stock,NYSE,5985299419,0.006954
LQDA,Liquidia Corporation Common Stock,NASDAQ,5973823385,0.006941
GBCI,Glacier Bancorp Inc. Common Stock,NYSE,5967613806,0.006934
PEGA,Pegasystems Inc. Common Stock,NASDAQ,5958035207,0.006923
CRUS,Cirrus Logic Inc. Common Stock,NASDAQ,5953465071,0.006917
KNSA,Kiniksa Pharmaceuticals International plc Class A Ordinary Shares,NASDAQ,5950891472,0.006915
MBGL,Mobility Global Inc. Common Stock,NYSE,5943597811,0.006906
RDNT,RadNet Inc. Common Stock,NASDAQ,5940855931,0.006903
DNTH,Dianthus Therapeutics Inc. Common Stock,NASDAQ,5940230944,0.006902
JBTM,JBT Marel Corporation Common Stock,NYSE,5933670328,0.006894
AMRX,Amneal Pharmaceuticals Inc. Class A Common Stock,NASDAQ,5924515249,0.006884
STEP,StepStone Group Inc. Class A Common Stock,NASDAQ,5903502599,0.006859
RRR,Red Rock Resorts Inc. Class A Common Stock,NASDAQ,5870404965,0.006821
LSTR,Landstar System Inc. Common Stock,NASDAQ,5863621902,0.006813
ACI,Albertsons Companies Inc. Class A Common Stock,NYSE,5862734251,0.006812
CHDN,Churchill Downs Incorporated Common Stock,NASDAQ,5845062378,0.006792
USAR,USA Rare Earth Inc. Class A Common Stock,NASDAQ,5836191383,0.006781
ORA,Ormat Technologies Inc. Common Stock,NYSE,5835444731,0.006780
RUSHB,Rush Enterprises Inc. Class B,NASDAQ,5822510207,0.006765
VAL,Valaris Limited Common Shares,NYSE,5813860120,0.006755
M,Macy's Inc Common Stock,NYSE,5807878024,0.006748
AGX,Argan Inc. Common Stock,NYSE,5804706829,0.006745
LYFT,Lyft Inc. Class A Common Stock,NASDAQ,5799236615,0.006738
COGT,Cogent Biosciences Inc. Common Stock,NASDAQ,5797469649,0.006736
BGC,BGC Group Inc. Class A Common Stock,NASDAQ,5786427573,0.006723
STWD,STARWOOD PROPERTY TRUST INC. Starwood Property Trust Inc.,NYSE,5782038999,0.006718
CORZ,Core Scientific Inc. Common Stock,NASDAQ,5764847512,0.006698
RNG,RingCentral Inc. Class A Common Stock,NYSE,5755244685,0.006687
AROC,Archrock Inc. Common Stock,NYSE,5745832322,0.006676
MKTX,MarketAxess Holdings Inc. Common Stock,NASDAQ,5736441233,0.006665
CWST,Casella Waste Systems Inc. Class A Common Stock,NASDAQ,5721876536,0.006648
ROAD,Construction Partners Inc. Class A Common Stock,NASDAQ,5718521897,0.006645
ELF,e.l.f. Beauty Inc. Common Stock,NYSE,5718464892,0.006644
YOU,Clear Secure Inc. Class A Common Stock,NYSE,5713215703,0.006638
ABCB,Ameris Bancorp Common Stock,NYSE,5681298854,0.006601
EXP,Eagle Materials Inc Common Stock,NYSE,5678616164,0.006598
POR,Portland General Electric Co Common Stock,NYSE,5673397378,0.006592
ASB,Associated Banc-Corp Common Stock,NYSE,5673043756,0.006592
AUB,Atlantic Union Bankshares Corporation Common Stock,NYSE,5672607669,0.006591
LGND,Ligand Pharmaceuticals Incorporated Common Stock,NASDAQ,5671082692,0.006589
MCY,Mercury General Corporation Common Stock,NYSE,5668472087,0.006586
RUSHA,Rush Enterprises Inc. Common Stock Cl A,NASDAQ,5639243547,0.006552
BYD,Boyd Gaming Corporation Common Stock,NYSE,5594466878,0.006500
FTDR,Frontdoor Inc. Common Stock,NASDAQ,5581047529,0.006485
WHD,Cactus Inc. Class A Common Stock,NYSE,5575676658,0.006479
ENVA,Enova International Inc. Common Stock,NYSE,5564287951,0.006465
HRB,H&R Block Inc. Common Stock,NYSE,5561758401,0.006462
ERAS,Erasca Inc. Common Stock,NASDAQ,5554221116,0.006454
OZK,Bank OZK Common Stock,NASDAQ,5553852720,0.006453
RLI,RLI Corp. Common Stock (DE),NYSE,5550429226,0.006449
TFX,Teleflex Incorporated Common Stock,NYSE,5550360283,0.006449
NOVT,Novanta Inc. Common Stock,NASDAQ,5542572371,0.006440
MUR,Murphy Oil Corporation Common Stock,NYSE,5520173313,0.006414
PTCT,PTC Therapeutics Inc. Common Stock,NASDAQ,5513420580,0.006406
BBUC,Brookfield Business Corporation Class A Subordinate Voting Shares,NYSE,5490639000,0.006380
SXT,Sensient Technologies Corporation Common Stock,NYSE,5473577495,0.006360
VSEC,VSE Corporation Common Stock,NASDAQ,5472108241,0.006358
FLG,Flagstar Bank N.A. Common Stock,NYSE,5470923578,0.006357
OBDC,Blue Owl Capital Corporation Common Stock,NYSE,5464019665,0.006349
SAIC,Science Applications International Corporation Common Stock,NASDAQ,5442502787,0.006324
RITM,Rithm Capital Corp. Common Stock,NYSE,5438884482,0.006320
BKH,Black Hills Corporation Common Stock,NYSE,5436848953,0.006317
IBP,Installed Building Products Inc. Common Stock,NYSE,5429594278,0.006309
PI,Impinj Inc. Common Stock,NASDAQ,5402631307,0.006277
PIPR,Piper Sandler Companies Common Stock,NYSE,5401330341,0.006276
NJR,NewJersey Resources Corporation Common Stock,NYSE,5394036009,0.006267
CROX,Crocs Inc. Common Stock,NASDAQ,5392862036,0.006266
CVLT,Commvault Systems Inc. Common Stock,NASDAQ,5390694439,0.006264
SIGI,Selective Insurance Group Inc. Common Stock,NASDAQ,5381474210,0.006253
MTRN,Materion Corporation,NYSE,5364892525,0.006234
NAVN,Navan Inc. Class A Common Stock,NASDAQ,5346043127,0.006212
EXLS,ExlService Holdings Inc. Common Stock,NASDAQ,5345856715,0.006211
CNX,CNX Resources Corporation Common Stock,NYSE,5312656005,0.006173
AX,Axos Financial Inc. Common Stock,NYSE,5291091365,0.006148
HLNE,Hamilton Lane Incorporated Class A Common Stock,NASDAQ,5289519035,0.006146
TTAN,ServiceTitan Inc. Class A Common Stock,NASDAQ,5274864936,0.006129
PSMT,PriceSmart Inc. Common Stock,NASDAQ,5271286104,0.006125
MWH,SOLV Energy Inc. Class A Common Stock,NASDAQ,5262054772,0.006114
NIQ,NIQ Global Intelligence plc Ordinary Shares,NYSE,5262012614,0.006114
ACIW,ACI Worldwide Inc. Common Stock,NASDAQ,5258758504,0.006110
GXO,GXO Logistics Inc. Common Stock,NYSE,5257141101,0.006108
MAIN,Main Street Capital Corporation Common Stock,NYSE,5257045677,0.006108
GOSS,Gossamer Bio Inc. Common Stock,NASDAQ,5245325327,0.006095
SHC,Sotera Health Company Common Stock,NASDAQ,5242334984,0.006091
SBRA,Sabra Health Care REIT Inc. Common Stock,NASDAQ,5242095753,0.006091
BCPC,Balchem Corporation Common Stock,NASDAQ,5240427872,0.006089
DFTX,Definium Therapeutics Inc. Common Shares,NASDAQ,5225530686,0.006072
NXST,Nexstar Media Group Inc. Common Stock,NASDAQ,5209221575,0.006053
GVA,Granite Construction Incorporated Common Stock,NYSE,5204475529,0.006047
QLYS,Qualys Inc. Common Stock,NASDAQ,5198936750,0.006041
KRG,Kite Realty Group Trust Common Stock,NYSE,5186982095,0.006027
VRNS,Varonis Systems Inc. Common Stock,NASDAQ,5182505083,0.006022
VFC,V.F. Corporation Common Stock,NYSE,5177582287,0.006016
HCC,Warrior Met Coal Inc. Common Stock,NYSE,5162460046,0.005998
SEI,Solaris Energy Infrastructure Inc. Class A Common Stock,NYSE,5162106149,0.005998
VSNT,Versant Media Group Inc. Class A Common Stock,NASDAQ,5161685749,0.005998
MMSI,Merit Medical Systems Inc. Common Stock,NASDAQ,5156591871,0.005992
SPHR,Sphere Entertainment Co. Class A Common Stock,NYSE,5153602605,0.005988
ADT,ADT Inc. Common Stock,NYSE,5150442698,0.005984
WH,Wyndham Hotels & Resorts Inc. Common Stock,NYSE,5143572866,0.005976
BIRK,Birkenstock Holding plc Ordinary Shares,NYSE,5140378731,0.005973
INSW,International Seaways Inc. Common Stock,NYSE,5133920385,0.005965
HESM,Hess Midstream LP Class A Representing Limited Partner Interests,NYSE,5130184714,0.005961
CAKE,Cheesecake Factory Incorporated (The) Common Stock,NASDAQ,5110417112,0.005938
CWEN,Clearway Energy Inc. Class C Common Stock,NYSE,5104272929,0.005931
RGTI,Rigetti Computing Inc. Common Stock,NASDAQ,5096648767,0.005922
VSH,Vishay Intertechnology Inc. Common Stock,NYSE,5093722136,0.005919
OII,Oceaneering International Inc. Common Stock,NYSE,5084969563,0.005908
CNO,CNO Financial Group Inc. Common Stock,NYSE,5083124123,0.005906
CE,Celanese Corporation Common Stock,NYSE,5058327999,0.005877
AIR,AAR Corp. Common Stock,NYSE,5051679243,0.005870
FND,Floor & Decor Holdings Inc. Common Stock,NYSE,5041234943,0.005858
OUT,OUTFRONT Media Inc. Common Stock,NYSE,5040990884,0.005857
CRC,California Resources Corporation Common Stock,NYSE,5040528928,0.005857
ACMR,ACM Research Inc. Class A Common Stock,NASDAQ,5014742112,0.005827
IRDM,Iridium Communications Inc Common Stock,NASDAQ,5011926116,0.005823
MC,Moelis & Company Class A Common Stock,NYSE,5011568424,0.005823
CLMT,Calumet Inc. Common Stock,NASDAQ,4992619691,0.005801
CVI,CVR Energy Inc. Common Stock,NYSE,4992349546,0.005801
MTN,Vail Resorts Inc. Common Stock,NYSE,4991900657,0.005800
BULL,Webull Corporation Class A Ordinary Shares,NASDAQ,4983270640,0.005790
LAUR,Laureate Education Inc. Common Stock,NASDAQ,4976884377,0.005783
IEP,Icahn Enterprises L.P. Common Stock,NASDAQ,4976405651,0.005782
GOLF,Acushnet Holdings Corp. Common Stock,NYSE,4973773547,0.005779
UNF,Unifirst Corporation Common Stock,NYSE,4967360640,0.005772
LFST,LifeStance Health Group Inc. Common Stock,NASDAQ,4956539287,0.005759
BETA,Beta Technologies Inc. Class A Common Stock,NYSE,4952532240,0.005754
PECO,Phillips Edison & Company Inc. Common Stock,NASDAQ,4943367000,0.005744
GBTG,Global Business Travel Group Inc. Class A Common Stock,NYSE,4941652771,0.005742
XMTR,Xometry Inc. Class A Common Stock,NASDAQ,4936132871,0.005735
EBC,Eastern Bankshares Inc. Common Stock,NASDAQ,4935849523,0.005735
MRP,Millrose Properties Inc. Class A Common Stock,NYSE,4929962953,0.005728
OTF,Blue Owl Technology Finance Corp. Common Stock,NYSE,4907165516,0.005702
PTEN,Patterson-UTI Energy Inc. Common Stock,NASDAQ,4900795631,0.005694
WTM,White Mountains Insurance Group Ltd. Common Stock,NYSE,4900296221,0.005694
CSW,CSW Industrials Inc. Common Stock,NYSE,4899614476,0.005693
MIDD,Middleby Corporation (The) Common Stock,NASDAQ,4898032620,0.005691
SLM,SLM Corporation Common Stock,NASDAQ,4894138786,0.005687
PSN,Parsons Corporation Common Stock,NYSE,4886346776,0.005678
FBIN,Fortune Brands Innovations Inc. Common Stock,NYSE,4862000258,0.005649
OGS,ONE Gas Inc. Common Stock,NYSE,4861303922,0.005648
NSIT,Insight Enterprises Inc. Common Stock,NASDAQ,4853419325,0.005639
MRCY,Mercury Systems Inc Common Stock,NASDAQ,4847573681,0.005633
CRGY,Crescent Energy Company Class A Common Stock,NYSE,4843718183,0.005628
CNR,Core Natural Resources Inc. Common Stock,NYSE,4838045970,0.005621
EWTX,Edgewise Therapeutics Inc. Common Stock,NASDAQ,4822023328,0.005603
GHC,Graham Holdings Company Common Stock,NYSE,4821761973,0.005603
ENPH,Enphase Energy Inc. Common Stock,NASDAQ,4803457955,0.005581
HASI,HA Sustainable Infrastructure Capital Inc. Common Stock,NYSE,4801887672,0.005579
GNTX,Gentex Corporation Common Stock,NASDAQ,4801473113,0.005579
ACAD,ACADIA Pharmaceuticals Inc. Common Stock,NASDAQ,4795262566,0.005572
BDC,Belden Inc Common Stock,NYSE,4777699632,0.005551
TFSL,TFS Financial Corporation Common Stock,NASDAQ,4770331263,0.005543
OCTV,Octave Intelligence plc Class B Ordinary Shares,NASDAQ,4759401981,0.005530
AMTM,Amentum Holdings Inc. Common Stock,NYSE,4758094797,0.005529
FFIN,First Financial Bankshares Inc. Common Stock,NASDAQ,4752740132,0.005522
SR,Spire Inc. Common Stock,NYSE,4740847121,0.005509
SON,Sonoco Products Company Common Stock,NYSE,4730180144,0.005496
RDN,Radian Group Inc. Common Stock,NYSE,4712572947,0.005476
HRI,Herc Holdings Inc. Common Stock,NYSE,4712496346,0.005476
LPX,Louisiana-Pacific Corporation Common Stock,NYSE,4705146259,0.005467
HAFN,Hafnia Limited Common Shares,NYSE,4687948641,0.005447
TPC,Tutor Perini Corporation Common Stock,NYSE,4685485398,0.005444
KRMN,Karman Holdings Inc. Common Stock,NYSE,4675789218,0.005433
HAE,Haemonetics Corporation Common Stock,NYSE,4672092167,0.005429
BLLN,BillionToOne Inc. Class A Common Stock,NASDAQ,4660663743,0.005415
DK,Delek US Holdings Inc. Common Stock,NYSE,4659768441,0.005414
KVYO,Klaviyo Inc. Series A Common Stock,NYSE,4658140869,0.005412
HGTY,Hagerty Inc. Class A Common Stock,NYSE,4656087300,0.005410
RELY,Remitly Global Inc. Common Stock,NASDAQ,4654932347,0.005409
CUZ,Cousins Properties Incorporated Common Stock,NYSE,4640132015,0.005391
BOX,Box Inc. Class A Common Stock,NYSE,4630526089,0.005380
MARA,MARA Holdings Inc. Common Stock,NASDAQ,4627865578,0.005377
TDW,Tidewater Inc. Common Stock,NYSE,4625836796,0.005375
KBR,KBR Inc. Common Stock,NYSE,4612819155,0.005360
BCO,Brinks Company (The) Common Stock,NYSE,4612415215,0.005359
SFBS,ServisFirst Bancshares Inc. Common Stock,NYSE,4606705693,0.005353
FRVO,Fervo Energy Company Class A common stock,NASDAQ,4595358272,0.005339
ALK,Alaska Air Group Inc. Common Stock,NYSE,4593584419,0.005337
CECO,CECO Environmental Corp. Common Stock,NASDAQ,4588360482,0.005331
REYN,Reynolds Consumer Products Inc. Common Stock,NASDAQ,4584703859,0.005327
BC,Brunswick Corporation Common Stock,NYSE,4582474108,0.005325
PAY,Paymentus Holdings Inc. Class A Common Stock,NYSE,4581684358,0.005324
TREX,Trex Company Inc. Common Stock,NYSE,4578840291,0.005320
EQPT,EquipmentShare.com Inc Class A Common Stock,NASDAQ,4565834853,0.005305
DOCS,Doximity Inc. Class A Common Stock,NYSE,4559532168,0.005298
MYRG,MYR Group Inc. Common Stock,NASDAQ,4534699755,0.005269
EPR,EPR Properties Common Stock,NYSE,4533716004,0.005268
NNI,Nelnet Inc. Common Stock,NYSE,4532897000,0.005267
SKY,Champion Homes Inc. Common Stock,NYSE,4513935943,0.005245
CHEF,The Chefs' Warehouse Inc. Common Stock,NASDAQ,4505927367,0.005236
FULT,Fulton Financial Corporation Common Stock,NASDAQ,4505583687,0.005235
WAY,Waystar Holding Corp. Common Stock,NASDAQ,4500335324,0.005229
PBLS,Parabilis Medicines Inc. Common Stock,NASDAQ,4497590866,0.005226
DAVE,Dave Inc. Class A Common Stock,NASDAQ,4473483860,0.005198
CON,Concentra Group Holdings Parent Inc. Common Stock,NYSE,4456744873,0.005178
FHI,Federated Hermes Inc. Common Stock,NYSE,4447512939,0.005168
UFPI,UFP Industries Inc. Common Stock,NASDAQ,4443809715,0.005163
IBOC,International Bancshares Corporation Common Stock,NASDAQ,4411866003,0.005126
HP,Helmerich & Payne Inc. Common Stock,NYSE,4401311138,0.005114
ESAB,ESAB Corporation Common Stock,NYSE,4394642489,0.005106
DIOD,Diodes Incorporated Common Stock,NASDAQ,4375372492,0.005084
BOOT,Boot Barn Holdings Inc. Common Stock,NYSE,4372828625,0.005081
CHH,Choice Hotels International Inc. Common Stock,NYSE,4372014409,0.005080
OLLI,Ollie's Bargain Outlet Holdings Inc. Common Stock,NASDAQ,4369640765,0.005077
CENX,Century Aluminum Company Common Stock,NASDAQ,4360654645,0.005067
EE,Excelerate Energy Inc. Class A Common Stock,NYSE,4355774853,0.005061
GFF,Griffon Corporation Common Stock,NYSE,4349651577,0.005054
VNT,Vontier Corporation Common Stock,NYSE,4349384000,0.005054
ACHR,Archer Aviation Inc. Class A Common Stock,NYSE,4342830707,0.005046
CRK,Comstock Resources Inc. Common Stock,NYSE,4339711699,0.005042
HTFL,Heartflow Inc. Common Stock,NASDAQ,4337246915,0.005040
NP,Neptune Insurance Holdings Inc. Class A Common Stock,NYSE,4336565644,0.005039
FELE,Franklin Electric Co. Inc. Common Stock,NASDAQ,4325207523,0.005026
TDS,Telephone and Data Systems Inc. Common Shares,NYSE,4311646000,0.005010
TCBI,Texas Capital Bancshares Inc. Common Stock,NASDAQ,4307875224,0.005005
OPLN,OPENLANE Inc. Common Stock,NYSE,4306624837,0.005004
CAR,Avis Budget Group Inc. Common Stock,NASDAQ,4300557292,0.004997
ALH,Alliance Laundry Holdings Inc. Common Stock,NYSE,4295832365,0.004991
ITGR,Integer Holdings Corporation Common Stock,NYSE,4282998048,0.004977
NWE,NorthWestern Energy Group Inc. Common Stock,NASDAQ,4259495934,0.004949
CVSA,Covista Inc. Common Shares,NYSE,4257915994,0.004947
UCB,United Community Banks Inc. Common Stock,NYSE,4255109501,0.004944
AXTI,AXT Inc Common Stock,NASDAQ,4247176941,0.004935
PARR,Par Pacific Holdings Inc.  Common Stock,NYSE,4240933426,0.004928
KFY,Korn Ferry Common Stock,NYSE,4233221249,0.004919
MTH,Meritage Homes Corporation Common Stock,NYSE,4185480252,0.004863
SKT,Tanger Inc. Common Stock,NYSE,4178148830,0.004855
COLD,Americold Realty Trust Inc. Common Stock,NYSE,4173725656,0.004850
GEO,Geo Group Inc (The) REIT,NYSE,4144700700,0.004816
CATY,Cathay General Bancorp Common Stock,NASDAQ,4136923978,0.004807
BWIN,The Baldwin Insurance Group Inc. Class A Common Stock,NASDAQ,4136125603,0.004806
RLAY,Relay Therapeutics Inc. Common Stock,NASDAQ,4135202577,0.004805
MANE,Veradermics Incorporated Common Stock,NYSE,4134980060,0.004805
ONDS,Ondas Inc. Common Stock,NASDAQ,4131617163,0.004801
AZZ,AZZ Inc.,NYSE,4119159242,0.004786
MIAX,Miami International Holdings Inc. Common Stock,NYSE,4115105340,0.004781
SEB,Seaboard Corporation Common Stock,AMEX,4114683024,0.004781
CBT,Cabot Corporation Common Stock,NYSE,4113958638,0.004780
NVST,Envista Holdings Corporation Common Stock,NYSE,4103782465,0.004768
ITRI,Itron Inc. Common Stock,NASDAQ,4096250743,0.004760
FCN,FTI Consulting Inc. Common Stock,NYSE,4088445910,0.004750
AQN,Algonquin Power & Utilities Corp. Common Shares,NYSE,4087360202,0.004749
BFH,Bread Financial Holdings Inc. Common Stock,NYSE,4086657537,0.004748
TNL,Travel   Leisure Co. Common  Stock,NYSE,4084770444,0.004746
CELC,Celcuity Inc. Common Stock,NASDAQ,4083367723,0.004745
SLGN,Silgan Holdings Inc. Common Stock,NYSE,4082496433,0.004744
BRC,Brady Corporation Common Stock,NYSE,4077417665,0.004738
WSFS,WSFS Financial Corporation Common Stock,NASDAQ,4073453937,0.004733
CNK,Cinemark Holdings Inc Cinemark Holdings Inc. Common Stock,NYSE,4066187873,0.004725
CAAP,Corporacion America Airports SA Common Shares,NYSE,4062738800,0.004721
KRC,Kilroy Realty Corporation Common Stock,NYSE,4059183681,0.004716
CCC,CCC Intelligent Solutions Holdings Inc. Common Stock,NASDAQ,4058173511,0.004715
LILAP,Liberty Latin America Ltd. 9.0% Fixed Rate Cumulative Perpetual Redeemable Series A Preference Shares,NASDAQ,4057089000,0.004714
PRIM,Primoris Services Corporation Common Stock,NYSE,4052497577,0.004709
SITE,SiteOne Landscape Supply Inc. Common Stock,NYSE,4052093300,0.004708
MDU,MDU Resources Group Inc. Common Stock (Holding Company),NYSE,4038709555,0.004693
ARIS,Aris Mining Corporation Common Shares,NYSE,4033056000,0.004686
BILL,BILL Holdings Inc. Common Stock,NYSE,4029327950,0.004682
MDA,MDA Space Ltd. Common Shares,NYSE,4022431456,0.004674
CDP,COPT Defense Properties Common Shares of Beneficial Interest,NYSE,4018132527,0.004669
TNGX,Tango Therapeutics Inc.,NASDAQ,4009554527,0.004659
SEZL,Sezzle Inc. Common Stock,NASDAQ,4002948914,0.004651
BWLP,BW LPG Limited Common Shares,NYSE,4002756660,0.004651
MAT,Mattel Inc. Common Stock,NASDAQ,4002657000,0.004651
WBI,WaterBridge Infrastructure LLC Class A Shares Representing Limited Liability Company Interests,NYSE,3986400989,0.004632
ELVN,Enliven Therapeutics Inc. Common Stock,NASDAQ,3980067738,0.004625
SKE,Skeena Resources Limited Common Shares,NYSE,3979677003,0.004624
MIR,Mirion Technologies Inc. Class A Common Stock,NYSE,3979621599,0.004624
AMLX,Amylyx Pharmaceuticals Inc. Common Stock,NASDAQ,3966990908,0.004609
GNW,Genworth Financial Inc Common Stock,NYSE,3963657378,0.004605
SYNA,Synaptics Incorporated Common Stock $0.001 Par Value,NASDAQ,3950978796,0.004591
CVBF,CVB Financial Corporation Common Stock,NASDAQ,3949382441,0.004589
LOPE,Grand Canyon Education Inc. Common Stock,NASDAQ,3941033594,0.004579
INDB,Independent Bank Corp. Common Stock,NASDAQ,3919319251,0.004554
BNL,Broadstone Net Lease Inc. Common Stock,NYSE,3918454468,0.004553
ICUI,ICU Medical Inc. Common Stock,NASDAQ,3913101306,0.004547
WK,Workiva Inc. Class A Common Stock,NYSE,3910368828,0.004544
VVV,Valvoline Inc. Common Stock,NYSE,3897765070,0.004529
IOVA,Iovance Biotherapeutics Inc. Common Stock,NASDAQ,3895554315,0.004526
ADPT,Adaptive Biotechnologies Corporation Common Stock,NASDAQ,3862219376,0.004488
RHI,Robert Half Inc. Common Stock,NYSE,3856993679,0.004482
GPGI,GPGI Inc. Class A Common Stock,NYSE,3855538091,0.004480
CNS,Cohen & Steers Inc Common Stock,NYSE,3854043898,0.004478
WSBC,WesBanco Inc. Common Stock,NASDAQ,3853498620,0.004477
OLED,Universal Display Corporation Common Stock,NASDAQ,3840988733,0.004463
LMND,Lemonade Inc. Common Stock,NYSE,3823392781,0.004443
PLNT,Planet Fitness Inc. Common Stock,NYSE,3817260974,0.004435
GEF,Greif Inc. Class A Common Stock,NYSE,3800576185,0.004416
AVNT,Avient Corporation Common Stock,NYSE,3798106566,0.004413
QTWO,Q2 Holdings Inc. Common Stock,NYSE,3796777379,0.004412
THO,Thor Industries Inc. Common Stock,NYSE,3792900197,0.004407
PLSE,Pulse Biosciences Inc Common Stock (DE),NASDAQ,3787943658,0.004401
SLG,SL Green Realty Corp Common Stock,NYSE,3760713064,0.004370
DORM,Dorman Products Inc. Common Stock,NASDAQ,3758713776,0.004367
IOND,Ionic Digital Inc. Class A Common Stock,NASDAQ,3752231033,0.004360
JOE,St. Joe Company (The) Common Stock,NYSE,3749439503,0.004357
MSGE,Madison Square Garden Entertainment Corp. Class A Common Stock,NYSE,3746101480,0.004353
BBWI,Bath & Body Works Inc.,NYSE,3744553462,0.004351
ABG,Asbury Automotive Group Inc Common Stock,NYSE,3742974695,0.004349
MWA,MUELLER WATER PRODUCTS Common Stock,NYSE,3737648755,0.004343
SKYW,SkyWest Inc. Common Stock,NASDAQ,3732955166,0.004337
VKTX,Viking Therapeutics Inc. Common Stock,NASDAQ,3730560925,0.004335
RNST,Renasant Corporation Common Stock,NYSE,3726560038,0.004330
BANF,BancFirst Corporation Common Stock,NASDAQ,3726100821,0.004329
ATMU,Atmus Filtration Technologies Inc. Common Stock,NYSE,3705252881,0.004305
SMR,NuScale Power Corporation Class A Common Stock,NYSE,3699917372,0.004299
OTTR,Otter Tail Corporation Common Stock,NASDAQ,3697250175,0.004296
FSLY,Fastly Inc. Class A Common Stock,NASDAQ,3689388000,0.004287
HHH,Howard Hughes Holdings Inc. Common Stock,NYSE,3675829766,0.004271
IRTC,iRhythm Holdings Inc. Common Stock,NASDAQ,3673067424,0.004268
APLE,Apple Hospitality REIT Inc. Common Shares,NYSE,3671085954,0.004266
PFSI,PennyMac Financial Services Inc. Common Stock,NYSE,3655312606,0.004247
FA,First Advantage Corporation Common Stock,NASDAQ,3644613323,0.004235
KTB,Kontoor Brands Inc. Common Stock,NYSE,3641024164,0.004231
BMI,Badger Meter Inc. Common Stock,NYSE,3627124165,0.004214
IDYA,IDEAYA Biosciences Inc. Common Stock,NASDAQ,3627039704,0.004214
BELFB,Bel Fuse Inc. Class B Common Stock,NASDAQ,3615060702,0.004200
IPAR,Interparfums Inc. Common Stock,NASDAQ,3587207730,0.004168
LXP,LXP Industrial Trust Common Stock (Maryland REIT),NYSE,3586959942,0.004168
OGN,Organon & Co. Common Stock,NYSE,3581992666,0.004162
IRT,Independence Realty Trust Inc. Common Stock,NYSE,3580959973,0.004161
NIC,Nicolet Bankshares Inc. Common Stock,NYSE,3570531490,0.004149
VAC,Marriott Vacations Worldwide Corporation Common Stock,NYSE,3563011199,0.004140
ZIM,ZIM Integrated Shipping Services Ltd. Ordinary Shares,NYSE,3562176900,0.004139
FOUR,Shift4 Payments Inc. Class A Common Stock,NYSE,3557153406,0.004133
PTRN,Pattern Group Inc. Series A Common Stock,NASDAQ,3556851734,0.004133
RUM,RUM Group Inc. Class A Common Stock,NASDAQ,3554959091,0.004131
FLY,Firefly Aerospace Inc. Common Stock,NASDAQ,3537260149,0.004110
MHO,M/I Homes Inc. Common Stock,NYSE,3536843207,0.004110
POST,Post Holdings Inc. Common Stock,NYSE,3524896193,0.004096
FRMI,Fermi Inc. Common Stock,NASDAQ,3522570414,0.004093
FIBK,First Interstate BancSystem Inc. Common Stock (DE),NASDAQ,3518646090,0.004088
PLMR,Palomar Holdings Inc. Common stock,NASDAQ,3517621510,0.004087
OPCH,Option Care Health Inc. Common Stock,NASDAQ,3516957506,0.004086
NHC,National HealthCare Corporation Common Stock,AMEX,3515513336,0.004085
CLSK,CleanSpark Inc. Common Stock,NASDAQ,3510689388,0.004079
ACLS,Axcelis Technologies Inc. Common Stock,NASDAQ,3502887297,0.004070
CRVL,CorVel Corp. Common Stock,NASDAQ,3499282873,0.004066
TARS,Tarsus Pharmaceuticals Inc. Common Stock,NASDAQ,3480360413,0.004044
LIF,Life360 Inc. Common Stock,NASDAQ,3477582149,0.004041
BATRA,Atlanta Braves Holdings Inc. Series A Common Stock,NASDAQ,3471483228,0.004034
CALM,Cal-Maine Foods Inc. Common Stock,NASDAQ,3470837912,0.004033
CXW,CoreCivic Inc. Common Stock,NYSE,3454349571,0.004014
NHI,National Health Investors Inc. Common Stock,NYSE,3453445719,0.004013
NATL,NCR Atleos Corporation Common Stock,NYSE,3445075063,0.004003
BTU,Peabody Energy Corporation Common Stock,NYSE,3438799000,0.003996
SII,Sprott Inc. Common Shares,NYSE,3432690000,0.003989
AWR,American States Water Company Common Stock,NYSE,3427688936,0.003983
LBRT,Liberty Energy Inc. Class A common stock,NYSE,3420492079,0.003974
HIW,Highwoods Properties Inc. Common Stock,NYSE,3411771106,0.003964
FFBC,First Financial Bancorp. Common Stock,NASDAQ,3411490550,0.003964
MGNI,Magnite Inc. Common Stock,NASDAQ,3409192212,0.003961
ASO,Academy Sports and Outdoors Inc. Common Stock,NASDAQ,3409007406,0.003961
LRN,Stride Inc. Common Stock,NYSE,3407907290,0.003960
GRAL,GRAIL Inc. Common Stock,NASDAQ,3404907018,0.003956
IPGP,IPG Photonics Corporation Common Stock,NASDAQ,3402337775,0.003953
DYN,Dyne Therapeutics Inc. Common Stock,NASDAQ,3400652509,0.003951
MCHB,Mechanics Bancorp Class A Common Stock,NASDAQ,3386196378,0.003935
PRK,Park National Corporation Common Stock,AMEX,3385946338,0.003934
HNI,HNI Corporation Common Stock,NYSE,3383160966,0.003931
NESR,National Energy Services Reunited Corp Ordinary Shares,NASDAQ,3382567829,0.003930
WSC,WillScot Holdings Corporation Class A Common Stock,NASDAQ,3381023276,0.003929
USLM,United States Lime & Minerals Inc. Common Stock,NASDAQ,3380062929,0.003927
CURB,Curbline Properties Corp. Common Stock,NYSE,3372914893,0.003919
DNLI,Denali Therapeutics Inc. Common Stock,NASDAQ,3371181729,0.003917
UCTT,Ultra Clean Holdings Inc. Common Stock,NASDAQ,3352311227,0.003895
SFNC,Simmons First National Corporation Class A Common Stock,NASDAQ,3351274767,0.003894
DAN,Dana Incorporated Common Stock,NYSE,3343483183,0.003885
PII,Polaris Inc. Common Stock,NYSE,3329425189,0.003869
EROK,EagleRock Land LLC Class A shares representing limited liability company interests,NYSE,3327445121,0.003866
GBDC,Golub Capital BDC Inc. Common Stock,NASDAQ,3320943823,0.003859
GPI,Group 1 Automotive Inc. Common Stock,NYSE,3317597551,0.003855
TENB,Tenable Holdings Inc. Common Stock,NASDAQ,3316314888,0.003853
CSQ,Calamos Strategic Total Return Common Stock,NASDAQ,3309629166,0.003846
SXI,Standex International Corporation Common Stock,NYSE,3305801934,0.003841
NMIH,NMI Holdings Inc. Common Stock,NASDAQ,3301311480,0.003836
AD,Array Digital Infrastructure Inc. Common Shares,NYSE,3297380000,0.003831
CBU,Community Financial System Inc. Common Stock,NYSE,3290598699,0.003823
SBCF,Seacoast Banking Corporation of Florida Common Stock,NASDAQ,3290038710,0.003823
SMG,Scotts Miracle-Gro Company (The) Common Stock,NYSE,3287698873,0.003820
FSK,FS KKR Capital Corp. Common Stock,NYSE,3285685929,0.003818
VCYT,Veracyte Inc. Common Stock,NASDAQ,3285569176,0.003818
LUNR,Intuitive Machines Inc. Class A Common Stock,NASDAQ,3285060376,0.003817
KNF,Knife Riv Holding Co. Common Stock,NYSE,3271275895,0.003801
QS,QuantumScape Corporation Class A Common Stock,NASDAQ,3268919317,0.003798
PVH,PVH Corp. Common Stock,NYSE,3259176523,0.003787
HTGC,Hercules Capital Inc. Common Stock,NYSE,3258525240,0.003786
OSIS,OSI Systems Inc. Common Stock (DE),NASDAQ,3256784643,0.003784
ASH,Ashland Inc. Common Stock,NYSE,3247207867,0.003773
RXO,RXO Inc. Common Stock,NYSE,3214410235,0.003735
EXPO,Exponent Inc. Common Stock,NASDAQ,3195572306,0.003713
WING,Wingstop Inc. Common Stock,NASDAQ,3190102137,0.003707
BKU,BankUnited Inc. Common Stock,NYSE,3189780110,0.003706
AAUC,Allied Gold Corporation Common Shares,NYSE,3182705876,0.003698
ATRO,Astronics Corporation Common Stock,NASDAQ,3181810555,0.003697
ATKR,Atkore Inc. Common Stock,NYSE,3179685583,0.003695
BFAM,Bright Horizons Family Solutions Inc. Common Stock,NYSE,3167131127,0.003680
KN,Knowles Corporation Common Stock,NYSE,3153349236,0.003664
KAI,Kadant Inc Common Stock,NYSE,3144767857,0.003654
SHOO,Steven Madden Ltd. Common Stock,NASDAQ,3141492688,0.003650
BATRK,Atlanta Braves Holdings Inc. Series C Common Stock,NASDAQ,3133960089,0.003641
FHB,First Hawaiian Inc. Common Stock,NASDAQ,3133884729,0.003641
RCUS,Arcus Biosciences Inc. Common Stock,NYSE,3131127716,0.003638
CPK,Chesapeake Utilities Corporation Common Stock,NYSE,3129499988,0.003636
ZGN,Ermenegildo Zegna N.V. Ordinary Shares,NYSE,3115102901,0.003620
LFTO,Liftoff Mobile Inc. Common Stock,NASDAQ,3107233520,0.003610
DX,Dynex Capital Inc. Common Stock,NYSE,3107049801,0.003610
FRSH,Freshworks Inc. Class A Common Stock,NASDAQ,3102347979,0.003605
AEHR,Aehr Test Systems Common Stock,NASDAQ,3092532411,0.003593
AVA,Avista Corporation Common Stock,NYSE,3081266616,0.003580
PK,Park Hotels & Resorts Inc. Common Stock,NYSE,3076449682,0.003575
APAM,Artisan Partners Asset Management Inc. Class A Common Stock,NYSE,3073464882,0.003571
AVAH,Aveanna Healthcare Holdings Inc. Common Stock,NASDAQ,3072533320,0.003570
HGV,Hilton Grand Vacations Inc. Common Stock,NYSE,3067772003,0.003565
CARG,CarGurus Inc. Class A Common Stock,NASDAQ,3066354480,0.003563
XXI,Twenty One Capital Inc. Class A Common Stock,NYSE,3064928610,0.003561
GPOR,Gulfport Energy Corporation Common Shares,NYSE,3063729785,0.003560
FRPT,Freshpet Inc. Common Stock,NASDAQ,3063221637,0.003559
WRBY,Warby Parker Inc. Class A Common Stock,NYSE,3054355014,0.003549
COCO,The Vita Coco Company Inc. Common Stock,NASDAQ,3052685238,0.003547
PFS,Provident Financial Services Inc Common Stock,NYSE,3038846999,0.003531
NVTS,Navitas Semiconductor Corporation Common Stock,NASDAQ,3036517265,0.003528
TNET,TriNet Group Inc. Common Stock,NYSE,3030171755,0.003521
CWK,Cushman & Wakefield Ltd. Common Shares,NYSE,3027806833,0.003518
FG,F&G Annuities & Life Inc. Common Stock,NYSE,3018056567,0.003507
ARCB,ArcBest Corporation Common Stock,NASDAQ,3014303600,0.003502
KBH,KB Home Common Stock,NYSE,3013986228,0.003502
BELFA,Bel Fuse Inc. Class A Common Stock,NASDAQ,3013802004,0.003502
SOUN,SoundHound AI Inc Class A Common Stock,NASDAQ,3011089316,0.003499
ARQT,Arcutis Biotherapeutics Inc. Common Stock,NASDAQ,3002152488,0.003488
AMBA,Ambarella Inc. Ordinary Shares,NASDAQ,2995406292,0.003480
CXT,Crane NXT Co. Common Stock,NYSE,2992612195,0.003477
BOH,Bank of Hawaii Corporation Common Stock,NYSE,2990340017,0.003475
CWT,California Water Service Group Common Stock,NYSE,2981881450,0.003465
DBRG,DigitalBridge Group Inc.,NYSE,2981174968,0.003464
MMS,Maximus Inc. Common Stock,NYSE,2980203870,0.003463
SPSC,SPS Commerce Inc. Common Stock,NASDAQ,2976494386,0.003458
ECO,Okeanis Eco Tankers Corp. Common Stock,NYSE,2973250478,0.003455
CBZ,CBIZ Inc. Common Stock,NYSE,2959551961,0.003439
INFQ,Infleqtion Inc. Common Stock,NYSE,2956684522,0.003435
TALO,Talos Energy Inc. Common Stock,NYSE,2951949474,0.003430
AGYS,Agilysys Inc. Common Stock (DE),NASDAQ,2947222788,0.003424
ADEA,Adeia Inc. Common Stock,NASDAQ,2945582807,0.003423
GRBK,Green Brick Partners Inc. Common Stock,NYSE,2942791820,0.003419
YETI,YETI Holdings Inc. Common Stock,NYSE,2938528927,0.003414
FIZZ,National Beverage Corp. Common Stock,NASDAQ,2936712024,0.003412
PLUG,Plug Power Inc. Common Stock,NASDAQ,2934110084,0.003409
BANC,Banc of California Inc. Common Stock,NYSE,2929982313,0.003404
LEU,Centrus Energy Corp. Class A Common Stock,NYSE,2929516527,0.003404
POWI,Power Integrations Inc. Common Stock,NASDAQ,2921056019,0.003394
TR,Tootsie Roll Industries Inc. Common Stock,NYSE,2919536391,0.003392
COLM,Columbia Sportswear Company Common Stock,NASDAQ,2913916602,0.003386
DXPE,DXP Enterprises Inc. Common Stock,NASDAQ,2903103219,0.003373
CSQR,Csquare Inc. Common Stock,NYSE,2902764001,0.003373
REZI,Resideo Technologies Inc. Common Stock,NYSE,2901803394,0.003372
SLDE,Slide Insurance Holdings Inc. Common Stock,NASDAQ,2901603100,0.003371
HOG,Harley-Davidson Inc. Common Stock,NYSE,2900500770,0.003370
BKD,Brookdale Senior Living Inc. Common Stock,NYSE,2899241439,0.003369
CLDX,Celldex Therapeutics Inc.,NASDAQ,2897739731,0.003367
ABM,ABM Industries Incorporated Common Stock,NYSE,2897319283,0.003366
EXTR,Extreme Networks Inc. Common Stock,NASDAQ,2896892497,0.003366
AMBP,Ardagh Metal Packaging S.A. Ordinary Shares,NYSE,2892865996,0.003361
MGEE,MGE Energy Inc,NASDAQ,2889721238,0.003358
BHF,Brighthouse Financial Inc. Common Stock,NASDAQ,2881904422,0.003349
KD,Kyndryl Holdings Inc. Common Stock,NYSE,2864310158,0.003328
WTTR,Select Water Solutions Inc. Class A common stock,NYSE,2858244393,0.003321
TMDX,TransMedics Group Inc. Common Stock,NASDAQ,2849603416,0.003311
INTA,Intapp Inc. Common Stock,NASDAQ,2848510040,0.003310
MBX,MBX Biosciences Inc. Common Stock,NASDAQ,2842408866,0.003303
MZTI,The Marzetti Company Common Stock,NASDAQ,2839628550,0.003299
NOG,Northern Oil and Gas Inc. Common Stock,NYSE,2832075822,0.003291
DNOW,DNOW Inc. Common Stock,NYSE,2829299194,0.003287
GPK,Graphic Packaging Holding Company,NYSE,2812679944,0.003268
IMNM,Immunome Inc. Common Stock,NASDAQ,2801960107,0.003256
BHE,Benchmark Electronics Inc. Common Stock,NYSE,2794570787,0.003247
PPLI,People Incorporated Common Stock,NASDAQ,2793141827,0.003245
EROC,ERock Inc. Class A Common Stock,NYSE,2786381016,0.003238
WOR,Worthington Enterprises Inc. Common Shares,NYSE,2785401813,0.003236
HAYW,Hayward Holdings Inc. Common Stock,NYSE,2780887720,0.003231
FUL,H. B. Fuller Company Common Stock,NYSE,2775430408,0.003225
ATRC,AtriCure Inc. Common Stock,NASDAQ,2774247675,0.003223
NVA,Nova Minerals Corp Common Stock,AMEX,2769313166,0.003218
CHRN,ChronoScale Holdings Corporation Common Stock,NASDAQ,2767111588,0.003215
NTCT,NetScout Systems Inc. Common Stock,NASDAQ,2766513222,0.003214
GRDN,Guardian Pharmacy Services Inc. Class A Common Stock,NYSE,2764258147,0.003212
TOWN,TowneBank Common Stock,NASDAQ,2760841210,0.003208
CALY,Callaway Golf Company Common Stock,NYSE,2759772655,0.003207
LCLN,Lincoln International Inc. Class A Common Stock,NYSE,2749184223,0.003194
VECO,Veeco Instruments Inc. Common Stock,NASDAQ,2740441761,0.003184
FBK,FB Financial Corporation Common Stock,NYSE,2736802837,0.003180
TRMK,Trustmark Corporation Common Stock,NASDAQ,2728155707,0.003170
SHAK,Shake Shack Inc. Class A Common Stock,NYSE,2724152404,0.003165
BRZE,Braze Inc. Class A Common Stock,NASDAQ,2719211182,0.003160
ALRM,Alarm.com Holdings Inc. Common Stock,NASDAQ,2717635022,0.003158
AKR,Acadia Realty Trust Common Stock,NYSE,2715067914,0.003155
OPEN,Opendoor Technologies Inc Common Stock,NASDAQ,2709344030,0.003148
COHU,Cohu Inc. Common Stock,NASDAQ,2702077756,0.003140
EEFT,Euronet Worldwide Inc. Common Stock,NASDAQ,2699791487,0.003137
AAP,Advance Auto Parts Inc.,NYSE,2698672000,0.003136
MGRC,McGrath RentCorp Common Stock,NASDAQ,2696593195,0.003133
VC,Visteon Corporation Common Stock,NASDAQ,2694369649,0.003131
TTAM,Titan America SA Common Shares,NYSE,2691691989,0.003128
UNFI,United Natural Foods Inc. Common Stock,NYSE,2690075773,0.003126
IRON,Disc Medicine Inc. Common Stock,NASDAQ,2689802651,0.003125
KWR,Quaker Houghton Common Stock,NYSE,2688187206,0.003123
NBTB,NBT Bancorp Inc. Common Stock,NASDAQ,2687893956,0.003123
AVPT,AvePoint Inc. Class A Common Stock,NASDAQ,2678418293,0.003112
GDV,Gabelli Dividend & Income Trust Common Shares of Beneficial Interest,NYSE,2665069909,0.003097
CUBI,Customers Bancorp Inc Common Stock,NYSE,2664866065,0.003096
FBNC,First Bancorp Common Stock,NASDAQ,2660362410,0.003091
AMR,Alpha Metallurgical Resources Inc. Common Stock,NYSE,2655118813,0.003085
RDW,Redwire Corporation Common Stock,NYSE,2654921508,0.003085
BKV,BKV Corporation Common Stock,NYSE,2651678621,0.003081
ACHC,Acadia Healthcare Company Inc. Common Stock,NASDAQ,2640323799,0.003068
ARR,ARMOUR Residential REIT Inc.,NYSE,2640138888,0.003068
BCC,Boise Cascade L.L.C. Common Stock,NYSE,2632203519,0.003058
FCPT,Four Corners Property Trust Inc. Common Stock,NYSE,2630861052,0.003057
BBT,Beacon Financial Corporation Common stock,NYSE,2626796135,0.003052
MAN,ManpowerGroup Common Stock,NYSE,2625704482,0.003051
HTO,H2O America Common Stock,NASDAQ,2622747339,0.003047
PENG,Penguin Solutions Inc. Common Stock,NASDAQ,2621576481,0.003046
DGII,Digi International Inc. Common Stock,NASDAQ,2619558931,0.003044
ALHC,Alignment Healthcare Inc. Common Stock,NASDAQ,2615757229,0.003039
WDFC,WD-40 Company Common Stock,NASDAQ,2614697923,0.003038
NMRK,Newmark Group Inc. Class A Common Stock,NASDAQ,2613316801,0.003036
BANR,Banner Corporation Common Stock,NASDAQ,2612394354,0.003035
PRVA,Privia Health Group Inc. Common Stock,NASDAQ,2608332507,0.003031
DCO,Ducommun Incorporated Common Stock,NYSE,2608184827,0.003031
NRIX,Nurix Therapeutics Inc. Common stock,NASDAQ,2604920243,0.003027
GCMG,GCM Grosvenor Inc. Class A Common Stock,NASDAQ,2603850564,0.003025
CDNA,CareDx Inc. Common Stock,NASDAQ,2600162048,0.003021
UE,Urban Edge Properties Common Shares of Beneficial Interest,NYSE,2596848666,0.003017
HWKN,Hawkins Inc. Common Stock,NASDAQ,2589975766,0.003009
TDC,Teradata Corporation Common Stock,NYSE,2589120000,0.003008
FRME,First Merchants Corporation Common Stock,NASDAQ,2581766500,0.003000
ASST,Strive Inc. Class A Common Stock,NASDAQ,2575912183,0.002993
KALU,Kaiser Aluminum Corporation Common Stock,NASDAQ,2570077262,0.002986
NEOG,Neogen Corporation Common Stock,NASDAQ,2569288739,0.002985
LIFE,Ethos Technologies Inc. Class A Common Stock,NASDAQ,2566318024,0.002982
NN,NextNav Inc. Common Stock,NASDAQ,2562534434,0.002977
CLOV,Clover Health Investments Corp. Class A Common Stock,NASDAQ,2560173188,0.002975
OUST,Ouster Inc. Common Stock,NASDAQ,2547728725,0.002960
WGS,GeneDx Holdings Corp. Class A Common Stock,NASDAQ,2542818958,0.002955
RH,RH Common Stock,NYSE,2534052914,0.002944
VERA,Vera Therapeutics Inc. Class A Common Stock,NASDAQ,2525819892,0.002935
SKWD,Skyward Specialty Insurance Group Inc. Common Stock,NASDAQ,2519057013,0.002927
AEO,American Eagle Outfitters Inc. Common Stock,NYSE,2516951462,0.002925
CENT,Central Garden & Pet Company Common Stock,NASDAQ,2515596514,0.002923
BUSE,First Busey Corporation Class A Common Stock,NASDAQ,2513642541,0.002921
WAFD,WaFd Inc. Common Stock,NASDAQ,2506958663,0.002913
DRH,Diamondrock Hospitality Company Common Stock,NASDAQ,2496189308,0.002900
MLYS,Mineralys Therapeutics Inc. Common Stock,NASDAQ,2493074157,0.002897
NWL,Newell Brands Inc. Common Stock,NASDAQ,2491515000,0.002895
UPST,Upstart Holdings Inc. Common stock,NASDAQ,2490240847,0.002893
APPN,Appian Corporation Class A Common Stock,NASDAQ,2489775272,0.002893
IVT,InvenTrust Properties Corp. Common Stock,NYSE,2484392812,0.002887
BEAM,Beam Therapeutics Inc. Common Stock,NASDAQ,2477871083,0.002879
SYBT,Stock Yards Bancorp Inc. Common Stock,NASDAQ,2477254113,0.002878
PGEN,Precigen Inc. Common Stock,NASDAQ,2452541442,0.002850
AGM,Federal Agricultural Mortgage Corporation Common Stock,NYSE,2447507387,0.002844
UNIT,Uniti Group Inc. Common Stock,NASDAQ,2444242109,0.002840
ROG,Rogers Corporation Common Stock,NYSE,2442244028,0.002838
MBIN,Merchants Bancorp Common Stock,NASDAQ,2441608686,0.002837
WLYB,John Wiley & Sons Inc. Common Stock,NYSE,2432828640,0.002827
SSMR,Sunshine Silver Mining & Refining Company Common Stock,NYSE,2431854123,0.002826
PHIN,PHINIA Inc. Common Stock,NYSE,2426906949,0.002820
SUPN,Supernus Pharmaceuticals Inc. Common Stock,NASDAQ,2420408821,0.002812
HRMY,Harmony Biosciences Holdings Inc. Common Stock,NASDAQ,2417975037,0.002810
SIND,Sinda Ltd. Common Stock,NYSE,2415209361,0.002806
PAYO,Payoneer Global Inc. Common Stock,NASDAQ,2412617952,0.002803
ANDE,Andersons Inc. (The) Common Stock,NASDAQ,2411246203,0.002802
DJT,Trump Media & Technology Group Corp. Common Stock,NASDAQ,2406971433,0.002797
VRDN,Viridian Therapeutics Inc. Common Stock,NASDAQ,2406327794,0.002796
SAH,Sonic Automotive Inc. Common Stock,NYSE,2399563472,0.002788
BRVE,Braveheart Bio Inc. Common Stock,NASDAQ,2398638134,0.002787
PLUS,ePlus inc. Common Stock,NASDAQ,2395883085,0.002784
BGR,BlackRock Energy and Resources Trust,NYSE,2390384600,0.002777
PENN,PENN Entertainment Inc. Common Stock,NASDAQ,2389066652,0.002776
NGVT,Ingevity Corporation Common Stock,NYSE,2386171566,0.002773
HURN,Huron Consulting Group Inc. Common Stock,NASDAQ,2385397095,0.002772
WLY,John Wiley & Sons Inc. Common Stock,NYSE,2383665228,0.002770
NKTR,Nektar Therapeutics  Common Stock,NASDAQ,2381815261,0.002767
COTY,Coty Inc. Class A Common Stock,NYSE,2377853453,0.002763
LPG,Dorian LPG Ltd. Common Stock,NYSE,2360748338,0.002743
PATK,Patrick Industries Inc. Common Stock,NASDAQ,2357480578,0.002739
MH,McGraw Hill Inc. Common Stock,NYSE,2356924588,0.002739
PBI,Pitney Bowes Inc. Common Stock,NYSE,2338759017,0.002717
SLS,SELLAS Life Sciences Group Inc. Common Stock,NASDAQ,2331463210,0.002709
LASR,nLIGHT Inc. Common Stock,NASDAQ,2328953253,0.002706
HLIO,Helios Technologies Inc. Common Stock,NYSE,2328287771,0.002705
EFSC,Enterprise Financial Services Corporation Common Stock,NASDAQ,2321026308,0.002697
HCI,HCI Group Inc. Common Stock,NYSE,2310270768,0.002684
STUB,StubHub Holdings Inc. Class A Common Stock,NYSE,2304002495,0.002677
OCUL,Ocular Therapeutix Inc. Common Stock,NASDAQ,2303770455,0.002677
PURR,Hyperliquid Strategies Inc Common Stock,NASDAQ,2296894501,0.002669
IOSP,Innospec Inc. Common Stock,NASDAQ,2296352512,0.002668
WHR,Whirlpool Corporation Common Stock,NYSE,2295670099,0.002667
FIVN,Five9 Inc. Common Stock,NASDAQ,2291023460,0.002662
RAMP,LiveRamp Holdings Inc. Common Stock,NYSE,2285891323,0.002656
LTC,LTC Properties Inc. Common Stock,NYSE,2278588148,0.002648
TRN,Trinity Industries Inc. Common Stock,NYSE,2270580351,0.002638
NWBI,Northwest Bancshares Inc. Common Stock,NASDAQ,2268651800,0.002636
AXGN,Axogen Inc. Common Stock,NASDAQ,2266585388,0.002634
TRVI,Trevi Therapeutics Inc. Common Stock,NASDAQ,2265365872,0.002632
VVX,V2X Inc. Common Stock,NYSE,2263761755,0.002630
CC,Chemours Company (The) Common Stock,NYSE,2261999895,0.002628
BXMT,Blackstone Mortgage Trust Inc. Common Stock,NYSE,2250056940,0.002614
NCNO,nCino Inc. Common Stock,NASDAQ,2246893698,0.002611
KMT,Kennametal Inc. Common Stock,NYSE,2243888008,0.002607
WERN,Werner Enterprises Inc. Common Stock,NASDAQ,2235948376,0.002598
DBD,Diebold Nixdorf Incorporated Common stock,NYSE,2227575105,0.002588
NEO,NeoGenomics Inc. Common Stock,NASDAQ,2225194621,0.002586
PBH,Prestige Consumer Healthcare Inc. Common Stock,NYSE,2224233808,0.002584
CALX,Calix Inc Common Stock,NYSE,2218850972,0.002578
FIGS,FIGS Inc. Class A Common Stock,NYSE,2217972231,0.002577
HTH,Hilltop Holdings Inc.,NYSE,2215838610,0.002575
LCII,LCI Industries,NYSE,2212833367,0.002571
HUBG,Hub Group Inc. Class A Common Stock,NASDAQ,2203972500,0.002561
AMC,AMC Entertainment Holdings Inc. Class A Common Stock,NYSE,2195807409,0.002551
UAA,Under Armour Inc. Class A Common Stock,NYSE,2194977715,0.002550
ALKT,Alkami Technology Inc. Common Stock,NASDAQ,2193380010,0.002549
ADUS,Addus HomeCare Corporation Common Stock,NASDAQ,2186573787,0.002541
MCRI,Monarch Casino & Resort Inc. Common Stock,NASDAQ,2184576085,0.002538
TRLV,Trulieve Cannabis Corp. Subordinate Voting Shares,NYSE,2177913566,0.002531
MD,Pediatrix Medical Group Inc. Common Stock,NYSE,2175150065,0.002527
FLYW,Flywire Corporation Voting Common Stock,NASDAQ,2174201334,0.002526
CENTA,Central Garden & Pet Company Class A Common Stock Nonvoting,NASDAQ,2173840929,0.002526
MPT,Medical Properties Trust Inc. common stock,NYSE,2173808000,0.002526
PTON,Peloton Interactive Inc. Class A Common Stock,NASDAQ,2172415415,0.002524
UWMC,UWM Holdings Corporation Class A Common Stock,NYSE,2168796134,0.002520
PRCH,Porch Group Inc. Common Stock,NASDAQ,2168637124,0.002520
CNXN,PC Connection Inc. Common Stock,NASDAQ,2164419370,0.002515
PVLA,Palvella Therapeutics Inc. Common Stock,NASDAQ,2163134143,0.002513
WU,Western Union Company (The) Common Stock,NYSE,2161321338,0.002511
SRPT,Sarepta Therapeutics Inc. Common Stock (DE),NASDAQ,2160072579,0.002510
FCF,First Commonwealth Financial Corporation Common Stock,NYSE,2153501762,0.002502
UFPT,UFP Technologies Inc. Common Stock,NASDAQ,2152477583,0.002501
ICHR,Ichor Holdings Ordinary Shares,NASDAQ,2148000033,0.002496
UA,Under Armour Inc. Class C Common Stock,NYSE,2143432250,0.002491
MTX,Minerals Technologies Inc. Common Stock,NYSE,2141970113,0.002489
ALGT,Allegiant Travel Company Common Stock,NASDAQ,2139726084,0.002486
NUVB,Nuvation Bio Inc. Class A Common Stock,NYSE,2131318024,0.002476
SHAZ,SharonAI Holdings Inc. Class A Common Stock,NASDAQ,2127086232,0.002472
INSP,Inspire Medical Systems Inc. Common Stock,NYSE,2110457375,0.002452
INVX,Innovex International Inc. Common Stock,NYSE,2107166468,0.002448
AADX,Applied Aerospace & Defense Inc. Common Stock,NYSE,2103200920,0.002444
VIA,Via Transportation Inc. Class A Common Stock,NYSE,2099584591,0.002440
SRCE,1st Source Corporation Common Stock,NASDAQ,2098971954,0.002439
PGNY,Progyny Inc. Common Stock,NASDAQ,2098477925,0.002438
BKE,Buckle Inc. (The) Common Stock,NYSE,2096786100,0.002436
GNL,Global Net Lease Inc. Common Stock,NYSE,2093426606,0.002432
VOYG,Voyager Technologies Inc. Class A Common Stock,NYSE,2093270865,0.002432
RAPP,Rapport Therapeutics Inc. Common Stock,NASDAQ,2092812835,0.002432
BTX,BlackRock Technology and Private Equity Term Trust Common Shares of Beneficial Interest,NYSE,2091512063,0.002430
ECPG,Encore Capital Group Inc Common Stock,NASDAQ,2090395113,0.002429
TIC,TIC Solutions Inc. Common Stock,NYSE,2086186603,0.002424
XRAY,DENTSPLY SIRONA Inc. Common Stock,NASDAQ,2085241543,0.002423
DV,DoubleVerify Holdings Inc. Common Stock,NYSE,2078373618,0.002415
BCRX,BioCryst Pharmaceuticals Inc. Common Stock,NASDAQ,2074945053,0.002411
BOBS,Bob's Discount Furniture Inc. Common Stock,NYSE,2071390155,0.002407
PLPC,Preformed Line Products Company Common Stock,NASDAQ,2070560422,0.002406
ADMA,ADMA Biologics Inc Common Stock,NASDAQ,2067378596,0.002402
KOD,Kodiak Sciences Inc Common Stock,NASDAQ,2067118641,0.002402
PRDO,Perdoceo Education Corporation Common Stock,NASDAQ,2066294356,0.002401
TBBK,The Bancorp Inc Common Stock,NASDAQ,2065036140,0.002399
BLKB,Blackbaud Inc. Common Stock,NASDAQ,2064341612,0.002399
RUN,Sunrun Inc. Common Stock,NASDAQ,2061650166,0.002395
LIME,Neutron Holdings Inc. Common Stock,NASDAQ,2061298507,0.002395
ALG,Alamo Group Inc. Common Stock,NYSE,2057866762,0.002391
UTZ,Utz Brands Inc Class A Common Stock,NYSE,2055780402,0.002389
SHO,Sunstone Hotel Investors Inc. Sunstone Hotel Investors Inc. Common Shares,NYSE,2041664472,0.002372
NWN,Northwest Natural Holding Company Common Stock,NYSE,2039010981,0.002369
CTRI,Centuri Holdings Inc. Common Stock,NYSE,2035415148,0.002365
NEXT,NextDecade Corporation Common Stock,NASDAQ,2033656708,0.002363
GSHD,Goosehead Insurance Inc. Class A Common Stock,NASDAQ,2030799448,0.002360
ZBIO,Zenas BioPharma Inc. Common Stock,NASDAQ,2028299620,0.002357
CHCO,City Holding Company Common Stock,NASDAQ,2021941234,0.002349
STC,Stewart Information Services Corporation Common Stock,NYSE,2021790462,0.002349
GENB,Generate Biomedicines Inc. Common Stock,NASDAQ,2017700294,0.002344
PDFS,PDF Solutions Inc. Common Stock,NASDAQ,2017194108,0.002344
PEB,Pebblebrook Hotel Trust Common Shares of Beneficial Interest,NYSE,2013114053,0.002339
ASAN,Asana Inc. Class A Common Stock,NYSE,2008067926,0.002333
AGIO,Agios Pharmaceuticals Inc. Common Stock,NASDAQ,2005983235,0.002331
DRVN,Driven Brands Holdings Inc. Common Stock,NASDAQ,2004504764,0.002329
BXDC,Blackstone Digital Infrastructure Trust Inc. Common Stock,NYSE,2002933110,0.002327
GTY,Getty Realty Corporation Common Stock,NYSE,1998568197,0.002322
EZPW,EZCORP Inc. Class A Non Voting Common Stock,NASDAQ,1995066451,0.002318
NTST,NetSTREIT Corp. Common Stock,NYSE,1994009881,0.002317
BRSL,Brightstar Lottery PLC Trading under the Legal Name to begin at the market open on July 21 2025. Ordinary Shares,NYSE,1992600000,0.002315
VERX,Vertex Inc. Class A Common Stock,NASDAQ,1988792435,0.002311
SPB,Spectrum Brands Holdings Inc. Common Stock,NYSE,1982680287,0.002304
HMN,Horace Mann Educators Corporation Common Stock,NYSE,1975236404,0.002295
HYMC,Hycroft Mining Holding Corporation Class A Common Stock,NASDAQ,1973588004,0.002293
TILE,Interface Inc. Common Stock,NASDAQ,1972729700,0.002292
GRC,Gorman-Rupp Company (The) Common Stock,NYSE,1966770796,0.002285
VCEL,Vericel Corporation Common Stock,NASDAQ,1963261581,0.002281
PRLB,Proto Labs Inc. Common stock,NYSE,1961117116,0.002279
OLN,Olin Corporation Common Stock,NYSE,1960498828,0.002278
BLBD,Blue Bird Corporation Common Stock,NASDAQ,1958846252,0.002276
KSS,Kohl's Corporation Common Stock,NYSE,1953476147,0.002270
BFLY,Butterfly Network Inc. Class A Common Stock,NYSE,1951870391,0.002268
HAPN,Happen Inc. Common Stock,NASDAQ,1938845395,0.002253
ALMR,Alamar Biosciences Inc. Common Stock,NASDAQ,1935364244,0.002249
SBET,Sharplink Inc. Common Stock,NASDAQ,1928945604,0.002241
ZD,Ziff Davis Inc. Common Stock,NASDAQ,1927626834,0.002240
BHVN,Biohaven Ltd. Common Shares,NYSE,1919766457,0.002231
RVT,Royce Small-Cap Trust Inc. Common Stock,NYSE,1919470393,0.002230
TH,Target Hospitality Corp. Common Stock,NASDAQ,1917750893,0.002228
EMAT,Evolution Metals & Technologies Corp. Common Stock,NASDAQ,1915145990,0.002225
SNDA,Sonida Senior Living Inc. Common Stock,NYSE,1898856565,0.002206
TY,Tri Continental Corporation Common Stock,NYSE,1897934650,0.002205
NSP,Insperity Inc. Common Stock,NYSE,1897922966,0.002205
PRGO,Perrigo Company plc Ordinary Shares,NYSE,1895587887,0.002203
RBCAA,Republic Bancorp Inc. Class A Common Stock,NASDAQ,1890179717,0.002196
STDN,Standard Nuclear Inc. Class A Common Stock,NYSE,1886436598,0.002192
ASTH,Astrana Health Inc. Common Stock,NASDAQ,1883973821,0.002189
SGRY,Surgery Partners Inc. Common Stock,NASDAQ,1882604579,0.002187
MFP,Midera Food Processing Inc. Common Stock,NASDAQ,1882039233,0.002187
STOK,Stoke Therapeutics Inc. Common Stock,NASDAQ,1873196805,0.002177
FLOC,Flowco Holdings Inc. Class A Common Stock,NYSE,1871215352,0.002174
FSUN,FirstSun Capital Bancorp Common Stock,NASDAQ,1870812356,0.002174
GABC,German American Bancorp Inc. Common Stock,NASDAQ,1869545698,0.002172
ZYME,Zymeworks Inc. Common Stock,NASDAQ,1861970484,0.002163
NBHC,National Bank Holdings Corporation Common Stock,NYSE,1859971483,0.002161
GCT,GigaCloud Technology Inc Class A Ordinary Shares,NASDAQ,1852289993,0.002152
LMAT,LeMaitre Vascular Inc. Common Stock,NASDAQ,1843033422,0.002141
COAG,Hemab Therapeutics Holdings Inc. Common Stock,NASDAQ,1840457410,0.002138
AVEX,AEVEX Corp. Class A Common Stock,NYSE,1833790536,0.002131
FLNC,Fluence Energy Inc. Class A Common Stock,NASDAQ,1833041944,0.002130
BAND,Bandwidth Inc. Class A Common Stock,NASDAQ,1830121414,0.002126
INOD,Innodata Inc. Common Stock,NASDAQ,1829500860,0.002126
DXC,DXC Technology Company Common Stock,NYSE,1819879268,0.002115
LOB,Live Oak Bancshares Inc. Common Stock,NYSE,1816632085,0.002111
DHC,Diversified Healthcare Trust Common Shares of Beneficial Interest,NASDAQ,1815967410,0.002110
OCFC,OceanFirst Financial Corp. Common Stock,NASDAQ,1814997213,0.002109
XNCR,Xencor Inc. Common Stock,NASDAQ,1814966421,0.002109
STRA,Strategic Education Inc. Common Stock,NASDAQ,1813469268,0.002107
QUBT,Quantum Computing Inc. Common Stock,NASDAQ,1808511419,0.002101
KLRA,Kailera Therapeutics Inc. Common Stock,NASDAQ,1807232843,0.002100
EPAC,Enerpac Tool Group Corp. Common Stock,NYSE,1801067892,0.002093
WKC,World Kinect Corporation Common Stock,NYSE,1801048540,0.002093
DCOM,Dime Commercial Bancshares Inc. Common Stock,NYSE,1797614982,0.002089
SEPN,Septerna Inc. Common Stock,NASDAQ,1797529229,0.002089
DEI,Douglas Emmett Inc. Common Stock,NYSE,1797116915,0.002088
VIR,Vir Biotechnology Inc. Common Stock,NASDAQ,1797073474,0.002088
ATEN,A10 Networks Inc. Common Stock,NYSE,1796347180,0.002087
HE,Hawaiian Electric Industries Inc. Common Stock,NYSE,1792916682,0.002083
SONO,Sonos Inc. Common Stock,NASDAQ,1788604962,0.002078
WMK,Weis Markets Inc. Common Stock,NYSE,1785570120,0.002075
HOPE,Hope Bancorp Inc. Common Stock,NASDAQ,1780721194,0.002069
SMA,SmartStop Self Storage REIT Inc. Common Stock,NYSE,1778449164,0.002066
SAM,Boston Beer Company Inc. (The) Common Stock,NYSE,1775829557,0.002063
AESI,Atlas Energy Solutions Inc. Common Stock,NYSE,1770048866,0.002057
ACVA,ACV Auctions Inc. Class A Common Stock,NYSE,1767701072,0.002054
STBA,S&T Bancorp Inc. Common Stock,NASDAQ,1762921945,0.002048
IDT,IDT Corporation Class B Common Stock,NYSE,1753482589,0.002037
BY,Byline Bancorp Inc. Common Stock,NYSE,1747358861,0.002030
KARD,Kardigan Inc. Common Stock,NASDAQ,1731688505,0.002012
PSNL,Personalis Inc. Common Stock,NASDAQ,1731225925,0.002012
WS,Worthington Steel Inc. Common Shares,NYSE,1727090384,0.002007
CNOB,ConnectOne Bancorp Inc. Common Stock,NASDAQ,1726593084,0.002006
LILA,Liberty Latin America Ltd. Class A Common Stock,NASDAQ,1725879000,0.002005
CNXC,Concentrix Corporation Common Stock,NASDAQ,1723158204,0.002002
CCS,Century Communities Inc. Common Stock,NYSE,1721327766,0.002000
BDJ,Blackrock Enhanced Equity Dividend Trust,NYSE,1714882508,0.001993
FLNG,FLEX LNG Ltd. Ordinary Shares,NYSE,1714728319,0.001992
VSTS,Vestis Corporation Common Stock,NYSE,1714116562,0.001992
RXRX,Recursion Pharmaceuticals Inc. Class A Common Stock,NASDAQ,1713094944,0.001990
AIN,Albany International Corporation Common Stock,NYSE,1711952000,0.001989
BFC,Bank First Corporation Common Stock,NASDAQ,1711728577,0.001989
TCBK,TriCo Bancshares Common Stock,NASDAQ,1711173704,0.001988
LILAK,Liberty Latin America Ltd. Class C Common Stock,NASDAQ,1710207000,0.001987
PLAB,Photronics Inc. Common Stock,NASDAQ,1709357605,0.001986
BLFS,BioLife Solutions Inc. Common Stock,NASDAQ,1709289305,0.001986
TSLX,Sixth Street Specialty Lending Inc. Common Stock,NYSE,1705688757,0.001982
ITG,ITG Inc. Class A Common Stock,NASDAQ,1702195472,0.001978
MQ,Marqeta Inc. Class A Common Stock,NASDAQ,1699933959,0.001975
TRIN,Trinity Capital Inc. Common Stock,NYSE,1697855782,0.001973
MRVI,Maravai LifeSciences Holdings Inc. Class A Common Stock,NASDAQ,1695668771,0.001970
AI,C3.ai Inc. Class A Common Stock,NYSE,1694619682,0.001969
CBL,CBL & Associates Properties Inc. Common Stock,NYSE,1693497091,0.001968
CDNL,Cardinal Infrastructure Group Inc. Class A Common Stock,NASDAQ,1692414553,0.001966
LIND,Lindblad Expeditions Holdings Inc. Common Stock,NASDAQ,1684457417,0.001957
QCRH,QCR Holdings Inc. Common Stock,NASDAQ,1679646728,0.001952
OBK,Origin Bancorp Inc. Common Stock,NYSE,1679147974,0.001951
ALNT,Allient Inc. Common Stock,NASDAQ,1677467735,0.001949
HUN,Huntsman Corporation Common Stock,NYSE,1673111997,0.001944
PGY,Pagaya Technologies Ltd. Class A Ordinary Shares,NASDAQ,1666014085,0.001936
LCID,Lucid Group Inc. Common Stock,NASDAQ,1662976143,0.001932
EFC,Ellington Financial Inc. Common Stock,NYSE,1661358406,0.001930
OXLC,Oxford Lane Capital Corp. Common Stock,NASDAQ,1661352000,0.001930
JBLU,JetBlue Airways Corporation Common Stock,NASDAQ,1660173596,0.001929
RLJ,RLJ Lodging Trust Common Shares of Beneficial Interest $0.01 par value,NYSE,1657849487,0.001926
PRKS,United Parks & Resorts Inc. Common Stock,NYSE,1654957779,0.001923
PBT,Permian Basin Royalty Trust Common Stock,NYSE,1652281818,0.001920
CTS,CTS Corporation Common Stock,NYSE,1651975881,0.001919
BL,BlackLine Inc. Common Stock,NASDAQ,1647851405,0.001915
NTLA,Intellia Therapeutics Inc. Common Stock,NASDAQ,1645087376,0.001911
HOS,Hornbeck Offshore Services Inc. Common Stock,NYSE,1644583832,0.001911
GAB,Gabelli Equity Trust Inc. (The) Common Stock,NYSE,1639500049,0.001905
PRGS,Progress Software Corporation Common Stock (DE),NASDAQ,1637236645,0.001902
FTRE,Fortrea Holdings Inc. Common Stock,NASDAQ,1635720000,0.001901
TSHA,Taysha Gene Therapies Inc. Common Stock,NASDAQ,1635684396,0.001901
WWW,Wolverine World Wide Inc. Common Stock,NYSE,1635582136,0.001900
ATEC,Alphatec Holdings Inc. Common Stock,NASDAQ,1634092384,0.001899
ETON,Eton Pharmaceuticals Inc. Common Stock,NASDAQ,1631525346,0.001896
GLOB,Globant S.A. Common Shares,NYSE,1630028239,0.001894
XHR,Xenia Hotels & Resorts Inc. Common Stock,NYSE,1627216529,0.001891
SNDX,Syndax Pharmaceuticals Inc. Common Stock,NASDAQ,1623421023,0.001886
ATEX,Anterix Inc. Common Stock,NASDAQ,1611532213,0.001872
ANIP,ANI Pharmaceuticals Inc.,NASDAQ,1611526463,0.001872
INBX,Inhibrx Biosciences Inc. Common Stock,NASDAQ,1608198708,0.001869
DSGR,Distribution Solutions Group Inc. Common Stock,NASDAQ,1607375915,0.001868
KMPR,Kemper Corporation,NYSE,1605655947,0.001866
BCAT,BlackRock Capital Allocation Term Trust Common Shares of Beneficial Interest,NYSE,1600398000,0.001860
HAWK,HawkEye 360 Inc. Common Stock,NYSE,1596838498,0.001855
ANAB,AnaptysBio Inc. Common Stock,NASDAQ,1595008871,0.001853
ECAT,BlackRock ESG Capital Allocation Term Trust Common Shares of Beneficial Interest,NYSE,1593909900,0.001852
FRMEP,First Merchants Corporation Depository Shares,NASDAQ,1579449508,0.001835
IMKTA,Ingles Markets Incorporated Class A Common Stock,NASDAQ,1578812533,0.001834
TFIN,Triumph Financial Inc. Common Stock,NYSE,1577995223,0.001834
GAM,General American Investors Inc. Common Stock,NYSE,1575916845,0.001831
AMPL,Amplitude Inc. Class A Common Stock,NASDAQ,1572693271,0.001827
ADIG,ADI Global Distribution Inc. Common Stock,NYSE,1558703255,0.001811
JJSF,J & J Snack Foods Corp. Common Stock,NASDAQ,1555991130,0.001808
NVAX,Novavax Inc. Common Stock,NASDAQ,1553788739,0.001805
IIPR,Innovative Industrial Properties Inc. Common Stock,NYSE,1550888381,0.001802
WLTH,Wealthfront Corporation Common Stock,NASDAQ,1550369422,0.001801
ARDT,Ardent Health Inc. Common Stock,NYSE,1548684059,0.001799
GT,The Goodyear Tire & Rubber Company Common Stock,NASDAQ,1546016218,0.001796
FRNM,Freenome Inc. Common stock,NASDAQ,1544010717,0.001794
ICFI,ICF International Inc. Common Stock,NASDAQ,1541417330,0.001791
DCH,Dauch Corporation Common Stock,NYSE,1539677821,0.001789
AMBQ,Ambiq Micro Inc. Common Stock,NYSE,1536201727,0.001785
SAFT,Safety Insurance Group Inc. Common Stock,NASDAQ,1518255448,0.001764
MBC,MasterBrand Inc. Common Stock,NYSE,1511934341,0.001757
BCAX,Bicara Therapeutics Inc. Common Stock,NASDAQ,1509404625,0.001754
HCSG,Healthcare Services Group Inc. Common Stock,NASDAQ,1508535800,0.001753
AGL,agilon health inc. Common Stock,NYSE,1507346922,0.001751
LKFN,Lakeland Financial Corporation Common Stock,NASDAQ,1505887947,0.001750
SVV,Savers Value Village Inc. Common Stock,NYSE,1503997316,0.001748
CSWC,Capital Southwest Corporation Common Stock,NASDAQ,1503184162,0.001747
RVLV,Revolve Group Inc. Class A Common Stock,NYSE,1502034925,0.001745
OMCL,Omnicell Inc. Common Stock ($0.001 par value),NASDAQ,1495712046,0.001738
VISN,Vistance Networks Inc. Common Stock,NASDAQ,1494459150,0.001736
SBH,Sally Beauty Holdings Inc. (Name to be changed from Sally Holdings Inc.) Common Stock,NYSE,1494211780,0.001736
INVA,Innoviva Inc. Common Stock,NASDAQ,1492591720,0.001734
BKT,BlackRock Income Trust Inc. (The),NYSE,1490599959,0.001732
AVLN,Avalyn Pharma Inc. Common Stock,NASDAQ,1488261999,0.001729
GIC,Global Industrial Company Common Stock,NYSE,1485844216,0.001726
ADNT,Adient plc Ordinary Shares,NYSE,1483344972,0.001724
LYNX,Lyntris Inc. Common Stock,NYSE,1477195152,0.001716
PRG,PROG Holdings Inc. Common Stock,NYSE,1472177156,0.001711
NRP,Natural Resource Partners LP Limited Partnership,NYSE,1472120773,0.001710
NMAX,Newsmax Inc. Class B Common Stock,NYSE,1471139747,0.001709
LTGO,Latigo Biotherapeutics Inc. Common Stock,NASDAQ,1468530536,0.001706
INNV,InnovAge Holding Corp. Common Stock,NASDAQ,1466852819,0.001704
CRSR,Corsair Gaming Inc. Common Stock,NASDAQ,1464716025,0.001702
WBTN,WEBTOON Entertainment Inc. Common stock,NASDAQ,1462965335,0.001700
MLKN,MillerKnoll Inc. Common Stock,NASDAQ,1456453605,0.001692
WEN,Wendy's Company (The) Common Stock,NASDAQ,1454811566,0.001690
ESQ,Esquire Financial Holdings Inc. Common Stock,NASDAQ,1450855318,0.001686
YSWY,Yesway Inc. Class A Common Stock,NASDAQ,1450319421,0.001685
PAHC,Phibro Animal Health Corporation Class A Common Stock,NASDAQ,1446229099,0.001680
BHRB,Burke & Herbert Financial Services Corp. Common Stock,NASDAQ,1443978470,0.001678
XZO,Exzeo Group Inc. Common Stock,NYSE,1443176406,0.001677
TWFG,TWFG Inc. Class A Common Stock,NASDAQ,1442642382,0.001676
LBRX,LB Pharmaceuticals Inc Common Stock,NASDAQ,1439726980,0.001673
PWP,Perella Weinberg Partners Class A Common Stock,NASDAQ,1439234512,0.001672
EOSE,Eos Energy Enterprises Inc. Class A Common Stock,NASDAQ,1438462589,0.001671
TPB,Turning Point Brands Inc. Common Stock,NYSE,1433698412,0.001666
ATLC,Atlanticus Holdings Corporation Common Stock,NASDAQ,1432961789,0.001665
AMAL,Amalgamated Financial Corp. Common Stock (DE),NASDAQ,1431320037,0.001663
PEBO,Peoples Bancorp Inc. Common Stock,NASDAQ,1430863560,0.001663
AMSC,American Superconductor Corporation Common Stock,NASDAQ,1430496483,0.001662
AVBP,ArriVent BioPharma Inc. Common Stock,NASDAQ,1429924141,0.001661
RES,RPC Inc. Common Stock,NYSE,1429687727,0.001661
APPS,Digital Turbine Inc. Common Stock,NASDAQ,1429201913,0.001661
FMC,FMC Corporation Common Stock,NYSE,1427585965,0.001659
UFCS,United Fire Group Inc. Common Stock,NASDAQ,1423567212,0.001654
SDGR,Schrodinger Inc. Common Stock,NASDAQ,1422803045,0.001653
TMP,Tompkins Financial Corporation Common Stock,AMEX,1421462501,0.001652
ARLO,Arlo Technologies Inc. Common Stock,NYSE,1419419480,0.001649
CTBI,Community Trust Bancorp Inc. Common Stock,NASDAQ,1411104987,0.001640
RARE,Ultragenyx Pharmaceutical Inc. Common Stock,NASDAQ,1409820884,0.001638
ENR,Energizer Holdings Inc. Common Stock,NYSE,1409393249,0.001638
ABSI,Absci Corporation Common Stock,NASDAQ,1408951022,0.001637
PUMP,ProPetro Holding Corp. Common Stock,NYSE,1406333850,0.001634
SLVM,Sylvamo Corporation Common Stock,NYSE,1403138975,0.001630
SCL,Stepan Company Common Stock,NYSE,1399642488,0.001626
GOLD,Gold.com Inc. Common Stock,NYSE,1398590914,0.001625
WD,Walker & Dunlop Inc Common Stock,NYSE,1391222445,0.001616
CNMD,CONMED Corporation Common Stock,NYSE,1386742782,0.001611
REX,REX American Resources Corporation,NYSE,1380770137,0.001604
COUR,Coursera Inc. Common Stock,NYSE,1380168000,0.001604
AMPX,Amprius Technologies Inc. Common Stock,NYSE,1379001034,0.001602
BBAI,BigBear.ai Inc. Common Stock,NYSE,1376149195,0.001599
TRS,TriMas Corporation Common Stock,NASDAQ,1375404291,0.001598
WOLF,Wolfspeed Inc. Common Stock New,NYSE,1373640664,0.001596
NUTX,Nutex Health Inc. Common Stock,NASDAQ,1371238114,0.001593
ROCK,Gibraltar Industries Inc. Common Stock,NASDAQ,1370208316,0.001592
FOR,Forestar Group Inc Common Stock,NYSE,1369823285,0.001592
PNTG,The Pennant Group Inc. Common Stock,NASDAQ,1369219701,0.001591
EYE,National Vision Holdings Inc. Common Stock,NASDAQ,1367108422,0.001588
MAZE,Maze Therapeutics Inc. Common Stock,NASDAQ,1366509533,0.001588
WABC,Westamerica Bancorporation Common Stock,NASDAQ,1365638031,0.001587
TBN,Tamboran Resources Corporation Common stock,NYSE,1363931402,0.001585
XERS,Xeris Biopharma Holdings Inc. Common Stock,NASDAQ,1358286280,0.001578
HLMN,Hillman Solutions Corp. Common Stock,NASDAQ,1357924093,0.001578
FMBH,First Mid Bancshares Inc. Common Stock,NASDAQ,1357229550,0.001577
AZTA,Azenta Inc.,NASDAQ,1351488924,0.001570
SECZ,Securitize Corp. Common Stock,NYSE,1350207215,0.001569
FUN,Six Flags Entertainment Corporation Common Stock New,NYSE,1342390013,0.001560
KMTS,Kestra Medical Technologies Ltd. Common Stock,NASDAQ,1339081315,0.001556
GBX,Greenbrier Companies Inc. (The) Common Stock,NYSE,1333191070,0.001549
LQDT,Liquidity Services Inc. Common Stock,NASDAQ,1331280449,0.001547
HBT,HBT Financial Inc. Common Stock,NASDAQ,1327708494,0.001543
CGEM,Cullinan Therapeutics Inc. Common Stock,NASDAQ,1325063149,0.001540
UMH,UMH Properties Inc. Common Stock,NYSE,1324330656,0.001539
PRSU,Pursuit Attractions and Hospitality Inc. Common Stock,NYSE,1323674725,0.001538
OMER,Omeros Corporation Common Stock,NASDAQ,1323258416,0.001538
BRUN,Boost Run Inc. Class A Common Stock,NASDAQ,1321876144,0.001536
SLSR,Solaris Resources Inc. Common Shares,AMEX,1321249444,0.001535
AAT,American Assets Trust Inc. Common Stock,NYSE,1320190580,0.001534
OPY,Oppenheimer Holdings Inc. Class A Common Stock (DE),NYSE,1320189936,0.001534
VOR,Vor Biopharma Inc. Common Stock,NASDAQ,1319319156,0.001533
ASIC,Ategrity Specialty Insurance Company Holdings Common Stock,NYSE,1316552712,0.001530
TYRA,Tyra Biosciences Inc. Common Stock,NASDAQ,1314682966,0.001528
RYZ,Ryerson Holding Corporation Common Stock,NYSE,1311997948,0.001524
HLIT,Harmonic Inc. Common Stock,NASDAQ,1308797340,0.001521
CNL,Collective Mining Ltd. Common Shares,NASDAQ,1305353601,0.001517
TRAX,First Tracks Biotherapeutics Inc. Ordinary Shares,NASDAQ,1302031919,0.001513
OSBC,Old Second Bancorp Inc. Common Stock,NASDAQ,1301400815,0.001512
XPEL,XPEL Inc. Common Stock,NASDAQ,1301339306,0.001512
NSSC,NAPCO Security Technologies Inc. Common Stock,NASDAQ,1296963526,0.001507
AKTS,Aktis Oncology Inc. Common stock,NASDAQ,1295934327,0.001506
ULCC,Frontier Group Holdings Inc. Common Stock,NASDAQ,1293812633,0.001503
BJRI,BJ's Restaurants Inc. Common Stock,NASDAQ,1293019437,0.001502
HROW,Harrow Inc. Common Stock,NASDAQ,1292581068,0.001502
FLO,Flowers Foods Inc. Common Stock,NYSE,1291429676,0.001501
AMN,AMN Healthcare Services Inc,NYSE,1291257900,0.001500
SENEA,Seneca Foods Corp. Class A Common Stock,NASDAQ,1290584513,0.001500
EFOR,Everforth Inc. Common Stock,NYSE,1290270000,0.001499
SENEB,Seneca Foods Corp. Class B Common Stock,NASDAQ,1274335417,0.001481
ALX,Alexander's Inc. Common Stock,NYSE,1272634522,0.001479
CXM,Sprinklr Inc. Class A Common Stock,NYSE,1272298943,0.001478
FCEL,FuelCell Energy Inc. Common Stock,NASDAQ,1270472174,0.001476
VTOL,Bristow Group Inc. Common Stock,NYSE,1265713400,0.001471
ORC,Orchid Island Capital Inc. Common Stock,NYSE,1263489763,0.001468
AMRC,Ameresco Inc. Class A Common Stock,NYSE,1261914498,0.001466
FUBO,FuboTV Inc. Class A Common Stock,NYSE,1259039046,0.001463
ANRO,Alto Neuroscience Inc. Common Stock,NYSE,1255747328,0.001459
ODC,Oil-Dri Corporation Of America Common Stock,NYSE,1253820511,0.001457
WLDN,Willdan Group Inc. Common Stock,NASDAQ,1252077880,0.001455
SPTX,Seaport Therapeutics Inc. Common Stock,NASDAQ,1249403037,0.001452
ORIC,Oric Pharmaceuticals Inc. Common Stock,NASDAQ,1247977978,0.001450
EPC,Edgewell Personal Care Company Common Stock,NYSE,1241174481,0.001442
UVE,UNIVERSAL INSURANCE HOLDINGS INC Common Stock,NYSE,1233719637,0.001433
SHLS,Shoals Technologies Group Inc. Class A Common Stock,NASDAQ,1228589635,0.001428
MGTX,MeiraGTx Holdings plc Ordinary Shares,NASDAQ,1228389919,0.001427
JCAP,Jefferson Capital Inc. Common Stock,NASDAQ,1227757960,0.001427
LZB,La-Z-Boy Incorporated Common Stock,NYSE,1227216903,0.001426
CDRE,Cadre Holdings Inc. Common Stock,NYSE,1223816578,0.001422
AORT,Artivion Inc. Common Stock,NYSE,1222806023,0.001421
LADR,Ladder Capital Corp Class A Common Stock,NYSE,1219175562,0.001417
REPL,Replimune Group Inc. Common Stock,NASDAQ,1217317671,0.001414
RCAT,Red Cat Holdings Inc. Common Stock,NASDAQ,1215606322,0.001412
CCO,Clear Channel Outdoor Holdings Inc. Common Stock,NYSE,1211643351,0.001408
PCT,PureCycle Technologies Inc. Common stock,NASDAQ,1209446956,0.001405
MNKD,MannKind Corporation Common Stock,NASDAQ,1205791815,0.001401
IART,Integra LifeSciences Holdings Corporation Common Stock,NASDAQ,1205473843,0.001401
RDVT,Red Violet Inc. Common Stock,NASDAQ,1203844065,0.001399
OMDA,Omada Health Inc. Common Stock,NASDAQ,1203520381,0.001398
GLUE,Monte Rosa Therapeutics Inc. Common Stock,NASDAQ,1200359552,0.001395
CLBK,Columbia Financial Inc. Common Stock,NASDAQ,1199667318,0.001394
PDM,Piedmont Realty Trust Inc. Class A Common Stock,NYSE,1197521135,0.001391
REAL,The RealReal Inc. Common Stock,NASDAQ,1196027060,0.001390
GIII,G-III Apparel Group LTD. Common Stock,NASDAQ,1195825808,0.001389
THRM,Gentherm Inc Common Stock,NASDAQ,1192901565,0.001386
TNDM,Tandem Diabetes Care Inc. Common Stock,NASDAQ,1190491677,0.001383
ALMS,Alumis Inc. Common Stock,NASDAQ,1188215494,0.001381
WLFC,Willis Lease Finance Corporation Common Stock,NASDAQ,1187664715,0.001380
MMI,Marcus & Millichap Inc. Common Stock,NYSE,1184226264,0.001376
ODTX,Odyssey Therapeutics Inc. Common Stock,NASDAQ,1183681520,0.001375
LNN,Lindsay Corporation Common Stock,NYSE,1183149770,0.001375
BW,Babcock & Wilcox Enterprises Inc. Common Stock,NYSE,1182782624,0.001374
VYX,NCR Voyix Corporation Common Stock,NYSE,1180497628,0.001372
DFIN,Donnelley Financial Solutions Inc. Common Stock,NYSE,1178869115,0.001370
CRCT,Cricut Inc. Class A Common Stock,NASDAQ,1177077618,0.001368
UVSP,Univest Financial Corporation Common Stock,NASDAQ,1176871371,0.001367
USPH,U.S. Physical Therapy Inc. Common Stock,NYSE,1174714787,0.001365
SCSC,ScanSource Inc. Common Stock,NASDAQ,1172110230,0.001362
TNC,Tennant Company Common Stock,NYSE,1171969088,0.001362
OPK,OPKO Health Inc. Common Stock,NASDAQ,1171735313,0.001361
GNK,Genco Shipping & Trading Limited Ordinary Shares New (Marshall Islands),NYSE,1169428612,0.001359
PRCT,PROCEPT BioRobotics Corporation Common Stock,NASDAQ,1167237170,0.001356
PSEC,Prospect Capital Corporation Common Stock,NASDAQ,1165128141,0.001354
HFWA,Heritage Financial Corporation Common Stock,NASDAQ,1162411003,0.001351
GDRX,GoodRx Holdings Inc. Class A Common Stock,NASDAQ,1156482865,0.001344
YELP,Yelp Inc. Common Stock,NYSE,1154729855,0.001342
HZO,MarineMax Inc.  (FL) Common Stock,NYSE,1153149009,0.001340
CERT,Certara Inc. Common Stock,NASDAQ,1151667789,0.001338
AMTB,Amerant Bancorp Inc. Class A Common Stock,NYSE,1149046637,0.001335
LGIH,LGI Homes Inc. Common Stock,NASDAQ,1148929602,0.001335
ARHS,Arhaus Inc. Class A Common Stock,NASDAQ,1148189037,0.001334
NHP,National Healthcare Properties Inc. Class A Common Stock,NASDAQ,1147522748,0.001333
UMAC,Unusual Machines Inc. Common Stock,AMEX,1146501790,0.001332
AVO,Mission Produce Inc. Common Stock,NASDAQ,1140696036,0.001325
SPH,Suburban Propane Partners L.P. Common Stock,NYSE,1138780446,0.001323
FSBC,Five Star Bancorp Common Stock,NASDAQ,1138744256,0.001323
JBIO,Jade Biosciences Inc. Common Stock,NASDAQ,1137757253,0.001322
DEC,Diversified Energy Company Common Stock,NYSE,1136760670,0.001321
STAA,STAAR Surgical Company Common Stock,NASDAQ,1136262677,0.001320
DEA,Easterly Government Properties Inc. Common Stock,NYSE,1130513430,0.001314
MYE,Myers Industries Inc. Common Stock,NYSE,1128918281,0.001312
MRTN,Marten Transport Ltd. Common Stock,NASDAQ,1126931032,0.001309
NPKI,NPK International Inc. Common Stock,NYSE,1125905194,0.001308
MCB,Metropolitan Bank Holding Corp. Common Stock,NYSE,1125594265,0.001308
UVV,Universal Corporation Common Stock,NYSE,1124948431,0.001307
HSLV,Highlander Silver Corp. Common Shares,AMEX,1119378799,0.001301
TDOC,Teladoc Health Inc. Common Stock,NYSE,1119173569,0.001300
UTI,Universal Technical Institute Inc Common Stock,NYSE,1118984142,0.001300
CRI,Carter's Inc. Common Stock,NYSE,1117121360,0.001298
OCSL,Oaktree Specialty Lending Corporation Common Stock,NASDAQ,1116043576,0.001297
AIP,Arteris Inc. Common Stock,NASDAQ,1115261194,0.001296
BST,BlackRock Science and Technology Trust Common Shares of Beneficial Interest,NYSE,1115203584,0.001296
EVCM,EverCommerce Inc. Common Stock,NASDAQ,1114757702,0.001295
GO,Grocery Outlet Holding Corp. Common Stock,NASDAQ,1114700535,0.001295
ENOV,Enovis Corporation Common Stock,NYSE,1111867844,0.001292
DFH,Dream Finders Homes Inc. Class A Common Stock,NYSE,1110865898,0.001291
BOW,Bowhead Specialty Holdings Inc. Common Stock,NYSE,1109190978,0.001289
CFFN,Capitol Federal Financial Inc. Common Stock,NASDAQ,1108658856,0.001288
PD,PagerDuty Inc. Common Stock,NYSE,1108176711,0.001288
ASA,ASA  Gold and Precious Metals Limited,NYSE,1108136643,0.001288
WINA,Winmark Corporation Common Stock,NASDAQ,1108076371,0.001288
GTM,ZoomInfo Technologies Inc Common Stock,NASDAQ,1106218175,0.001285
CBRL,Cracker Barrel Old Country Store Inc Common Stock,NASDAQ,1105950241,0.001285
LMRI,Lumexa Imaging Holdings Inc. Common Stock,NASDAQ,1103901474,0.001283
NPK,National Presto Industries Inc. Common Stock,NYSE,1100952417,0.001279
OBX,Obsidian Therapeutics Inc. Common Stock,NASDAQ,1099557193,0.001278
BCX,BlackRock Resources Common Shares of Beneficial Interest,NYSE,1096365489,0.001274
TRUP,Trupanion Inc. Common Stock,NASDAQ,1091989288,0.001269
APMD,Apnimed Inc. Common Stock,NASDAQ,1091975333,0.001269
BVS,Bioventus Inc. Class A Common Stock,NASDAQ,1091512602,0.001268
SBR,Sabine Royalty Trust Common Stock,NYSE,1091263973,0.001268
UPWK,Upwork Inc. Common Stock,NASDAQ,1089157343,0.001266
SVRA,Savara Inc. Common Stock,NASDAQ,1088938080,0.001265
CRVS,Corvus Pharmaceuticals Inc. Common Stock,NASDAQ,1086001387,0.001262
ECVT,Ecovyst Inc. Common Stock,NYSE,1085926508,0.001262
DLX,Deluxe Corporation Common Stock,NYSE,1083125570,0.001259
GSBD,Goldman Sachs BDC Inc. Common Stock,NYSE,1082914425,0.001258
YSS,York Space Systems Inc. Common Stock,NYSE,1082377927,0.001258
AEVA,Aeva Technologies Inc. Common Stock,NASDAQ,1081833364,0.001257
NBN,Northeast Bank Common Stock,NASDAQ,1078363200,0.001253
HPK,HighPeak Energy Inc. Common Stock,NASDAQ,1071055250,0.001244
MSEX,Middlesex Water Company Common Stock,NASDAQ,1068263299,0.001241
UPBD,Upbound Group Inc. Common Stock,NASDAQ,1067462106,0.001240
MBWM,Mercantile Bank Corporation Common Stock,NASDAQ,1067233256,0.001240
TRIP,TripAdvisor Inc. Common Stock,NASDAQ,1065342019,0.001238
MLTX,MoonLake Immunotherapeutics Class A Ordinary Shares,NASDAQ,1064684629,0.001237
BRBR,BellRing Brands Inc. Common Stock,NYSE,1062782693,0.001235
IRMD,iRadimed Corporation Common Stock,NASDAQ,1051346400,0.001222
QNST,QuinStreet Inc. Common Stock,NASDAQ,1049248197,0.001219
BTZ,BlackRock Credit Allocation Income Trust,NYSE,1048909500,0.001219
JANX,Janux Therapeutics Inc. Common Stock,NASDAQ,1045438818,0.001215
GPRE,Green Plains Inc. Common Stock,NASDAQ,1044420387,0.001214
CMP,Compass Minerals Intl Inc Common Stock,NYSE,1041125675,0.001210
ATTO,Attovia Therapeutics Inc. Common Stock,NASDAQ,1040392261,0.001209
GLIBA,Liberty Capital Corporation Series A GCI Group Common Stock,NASDAQ,1039525094,0.001208
BV,BrightView Holdings Inc. Common Stock,NYSE,1036194000,0.001204
LZ,LegalZoom.com Inc. Common Stock,NASDAQ,1036152113,0.001204
GHM,Graham Corporation Common Stock,NYSE,1031685201,0.001199
FSCO,FS Credit Opportunities Corp. Common Stock,NYSE,1031450680,0.001198
EQBK,Equity Bancshares Inc. Class A Common Stock,NYSE,1030654125,0.001198
HQH,abrdn Healthcare Investors Shares of Beneficial Interest,NYSE,1030199478,0.001197
GLIBK,Liberty Capital Corporation Series C GCI Group Common Stock,NASDAQ,1028750745,0.001195
HRTG,Heritage Insurance Holdings Inc. Common Stock,NYSE,1028146945,0.001195
BFST,Business First Bancshares Inc. Common Stock,NASDAQ,1022717324,0.001188
MCBS,MetroCity Bankshares Inc. Common Stock,NASDAQ,1021733630,0.001187
CCNE,CNB Financial Corporation Common Stock,NASDAQ,1021328115,0.001187
ANGX,Angel Studios Inc. Class A Common Stock,NYSE,1017821939,0.001183
RHLD,Resolute Holdings Management Common Stock,NYSE,1017642093,0.001182
CRAI,CRA International Inc. Common Stock,NASDAQ,1016098097,0.001181
HBNC,Horizon Bancorp Inc. Common Stock,NASDAQ,1015594586,0.001180
KURA,Kura Oncology Inc. Common Stock,NASDAQ,1013261450,0.001177
AMPH,Amphastar Pharmaceuticals Inc. Common Stock,NASDAQ,1011552308,0.001175
PCRX,Pacira BioSciences Inc. Common Stock,NASDAQ,1010897429,0.001175
NWPX,NWPX Infrastructure Inc. Common Stock,NASDAQ,1008436817,0.001172
TTI,Tetra Technologies Inc. Common Stock,NYSE,1008375625,0.001172
PSUS,Pershing Square USA Ltd. Common Shares,NYSE,1006513500,0.001169
SBGI,Sinclair Inc. Class A Common Stock,NASDAQ,1005221034,0.001168
OI,O-I Glass Inc. Common Stock,NYSE,1003398148,0.001166
NBBK,NB Bancorp Inc. Common Stock,NASDAQ,998623387,0.001160
TRST,TrustCo Bank Corp NY Common Stock,NASDAQ,995271403,0.001156
SAFE,Safehold Inc. New Common Stock,NYSE,993552408,0.001154
SOC,Sable Offshore Corp. Common Stock,NYSE,991965687,0.001153
FTK,Flotek Industries Inc. Common Stock,NYSE,989904325,0.001150
NX,Quanex Building Products Corporation Common Stock,NYSE,988471307,0.001149
FEIM,Frequency Electronics Inc. Common Stock,NASDAQ,987814214,0.001148
CSTL,Castle Biosciences Inc. Common Stock,NASDAQ,987665561,0.001148
RMIX,Suncrete Inc. Class A Common Stock,NASDAQ,981770742,0.001141
CAC,Camden National Corporation Common Stock,NASDAQ,979015019,0.001138
CSR,D/B/A Centerspace Common Stock,NYSE,978931062,0.001137
VRTS,Virtus Investment Partners Inc. Common Stock,NYSE,976250733,0.001134
CPF,Central Pacific Financial Corp New,NYSE,974025353,0.001132
PSIX,Power Solutions International Inc. Common Stock,NASDAQ,971286100,0.001129
UTL,UNITIL Corporation Common Stock,NYSE,968185023,0.001125
PXED,Phoenix Education Partners Inc. Common Stock,NYSE,967511572,0.001124
FTH,Faeth Therapeutics Inc. Common Stock,NASDAQ,967465512,0.001124
REPX,Riley Exploration Permian Inc. Common Stock,AMEX,963911185,0.001120
SBSI,Southside Bancshares Inc. Common Stock,NYSE,955941919,0.001111
HTLD,Heartland Express Inc. Common Stock,NASDAQ,954284420,0.001109
ASTE,Astec Industries Inc. Common Stock,NASDAQ,953710701,0.001108
IBTA,Ibotta Inc. Class A Common Stock,NYSE,953197920,0.001108
FET,Forum Energy Technologies Inc. Common Stock,NYSE,952463471,0.001107
BUR,Burford Capital Limited Ordinary Shares,NYSE,951830421,0.001106
BXBL,BOXABL Inc. Common stock,NASDAQ,951483771,0.001106
ACDC,ProFrac Holding Corp. Class A Common Stock,NASDAQ,948859590,0.001103
INR,Infinity Natural Resources Inc. Class A Common Stock,NYSE,946260089,0.001099
HAFC,Hanmi Financial Corporation Common Stock,NASDAQ,942846309,0.001096
ACEL,Accel Entertainment Inc.,NYSE,941844310,0.001094
MPB,Mid Penn Bancorp Common Stock,NASDAQ,939176420,0.001091
SANA,Sana Biotechnology Inc. Common Stock,NASDAQ,936998794,0.001089
KRO,Kronos Worldwide Inc Common Stock,NYSE,936893780,0.001089
KRT,Karat Packaging Inc. Common Stock,NASDAQ,935594984,0.001087
FRBT,Forbright Inc. Class A Common Stock,NASDAQ,935079880,0.001086
TDAY,USA TODAY Co. Inc. Common Stock,NYSE,933762105,0.001085
SLDB,Solid Biosciences Inc. Common Stock,NASDAQ,932859571,0.001084
FMNB,Farmers National Banc Corp. Common Stock,NASDAQ,932556783,0.001084
CIM,Chimera Investment Corporation Common Stock,NYSE,931712534,0.001083
ABX,Abacus Global Management Inc. Class A Common Stock,NYSE,930004288,0.001081
QMCO,Quantum Corporation Common Stock,NASDAQ,929287824,0.001080
PLOW,Douglas Dynamics Inc. Common Stock,NYSE,928620331,0.001079
DGICB,Donegal Group Inc. Class B Common Stock,NASDAQ,927610857,0.001078
THFF,First Financial Corporation Common Stock,NASDAQ,925665185,0.001076
SGP,SpyGlass Pharma Inc. Common Stock,NASDAQ,920488382,0.001070
BBDC,Barings BDC Inc. Common Stock,NYSE,918279373,0.001067
KFRC,Kforce Inc. Common Stock,NYSE,917657160,0.001066
DSGN,Design Therapeutics Inc. Common Stock,NASDAQ,915569554,0.001064
DJCO,Daily Journal Corp. (S.C.) Common Stock,NASDAQ,912066429,0.001060
KODK,Eastman Kodak Company Common New,NYSE,911449000,0.001059
CBLL,CeriBell Inc. Common Stock,NASDAQ,906874527,0.001054
CVLG,Covenant Logistics Group Inc. Class A Common Stock,NYSE,904210230,0.001051
BTGO,BitGo Holdings Inc. Class A Common Stock,NYSE,899224008,0.001045
EVLV,Evolv Technologies Holdings Inc. Class A Common Stock,NASDAQ,896574423,0.001042
OLMA,Olema Pharmaceuticals Inc. Common Stock,NASDAQ,894225544,0.001039
FCBC,First Community Bankshares Inc. (VA) Common Stock,NASDAQ,894080355,0.001039
RPC,Ridgepost Capital Inc. Class A Common Stock,NYSE,894033748,0.001039
SMBK,SmartFinancial Inc. Common Stock,NYSE,893224230,0.001038
REF,Reformation Inc. Common Stock,NYSE,893148215,0.001038
ARDX,Ardelyx Inc. Common Stock,NASDAQ,892091508,0.001037
EIG,Employers Holdings Inc Common Stock,NYSE,891918728,0.001036
LXRX,Lexicon Pharmaceuticals Inc. Common Stock,NASDAQ,889911868,0.001034
WRLD,World Acceptance Corporation Common Stock,NASDAQ,889501585,0.001034
HMH,HMH Holding Inc. Class A Common Stock,NASDAQ,888790424,0.001033
BZH,Beazer Homes USA Inc. Common Stock,NYSE,887097465,0.001031
MNTN,MNTN Inc. Class A Common Stock,NYSE,884921418,0.001028
NAVI,Navient Corporation Common Stock,NASDAQ,883443660,0.001026
RIGL,Rigel Pharmaceuticals Inc. Common Stock,NASDAQ,882436775,0.001025
NNE,Nano Nuclear Energy Inc. Common Stock,NASDAQ,881186576,0.001024
SVC,Service Properties Trust Common Shares of Beneficial Interest,NASDAQ,880664518,0.001023
ABR,Arbor Realty Trust Common Stock,NYSE,880553963,0.001023
NXDR,Nextdoor Holdings Inc. Class A Common Stock,NYSE,878145873,0.001020
KOP,Koppers Holdings Inc. Common Stock,NYSE,876551177,0.001018
SABR,Sabre Corporation Common Stock,NASDAQ,875775574,0.001018
GSBC,Great Southern Bancorp Inc. Common Stock,NASDAQ,873544161,0.001015
VPG,Vishay Precision Group Inc. Common Stock,NYSE,870756509,0.001012
SMPL,The Simply Good Foods Company Common Stock,NASDAQ,870451763,0.001011
IMMX,Immix Biopharma Inc. Common Stock,NASDAQ,868487272,0.001009
CCBG,Capital City Bank Group Common Stock,NASDAQ,867644158,0.001008
GERN,Geron Corporation Common Stock,NASDAQ,867339102,0.001008
BH,Biglari Holdings Inc. Class B Common Stock,NYSE,867035389,0.001007
MFA,MFA Financial Inc.,NYSE,865312749,0.001005
AVTX,Avalo Therapeutics Inc. Common Stock,NASDAQ,864515423,0.001005
DAKT,Daktronics Inc. Common Stock,NASDAQ,860377509,0.001000
KBDC,Kayne Anderson BDC Inc. Common Stock,NYSE,855850018,0.000994
HSTM,HealthStream Inc. Common Stock,NASDAQ,851175090,0.000989
SXC,SunCoke Energy Inc. Common Stock,NYSE,850445997,0.000988
SMP,Standard Motor Products Inc. Common Stock,NYSE,850048149,0.000988
ARI,Apollo Commercial Real Estate Finance Inc,NYSE,850046177,0.000988
JBGS,JBG SMITH Properties Common Shares,NYSE,848411754,0.000986
KOPN,Kopin Corporation Common Stock,NASDAQ,847579120,0.000985
HSHP,Himalaya Shipping Ltd. Common Shares,NYSE,845707500,0.000983
SG,Sweetgreen Inc. Class A Common Stock,NYSE,845193337,0.000982
EVER,EverQuote Inc. Class A Common Stock,NASDAQ,845049229,0.000982
HIPO,Hippo Holdings Inc. Common Stock,NYSE,844460192,0.000981
BKSY,BlackSky Technology Inc. Class A Common Stock,NYSE,843461076,0.000980
SPFI,South Plains Financial Inc. Common Stock,NASDAQ,843238340,0.000980
MPLT,MapLight Therapeutics Inc. Common Stock,NASDAQ,842056878,0.000978
EGBN,Eagle Bancorp Inc. Common Stock,NASDAQ,841357655,0.000978
MCS,Marcus Corporation (The) Common Stock,NYSE,836784795,0.000972
DSP,Viant Technology Inc. Class A Common Stock,NASDAQ,836253462,0.000972
LXU,LSB Industries Inc. Common Stock,NYSE,833731096,0.000969
FOXF,Fox Factory Holding Corp. Common Stock,NASDAQ,833474750,0.000968
ORRF,Orrstown Financial Services Inc. Common Stock,NASDAQ,832811965,0.000968
ALRS,Alerus Financial Corporation Common Stock,NASDAQ,829338790,0.000964
ROOT,Root Inc. Class A Common Stock,NASDAQ,828656583,0.000963
CODI,D/B/A Compass Diversified Holdings Shares of Beneficial Interest,NYSE,828347986,0.000962
RSKD,Riskified Ltd. Class A Ordinary Shares,NYSE,828034207,0.000962
AHCO,AdaptHealth Corp. Common Stock,NASDAQ,826245828,0.000960
RJET,Republic Airways Holdings Inc. Common Stock,NASDAQ,824959590,0.000959
SIBN,SI-BONE Inc. Common Stock,NASDAQ,823765409,0.000957
IBCP,Independent Bank Corporation Common Stock,NASDAQ,822927866,0.000956
APEI,American Public Education Inc. Common Stock,NASDAQ,822471342,0.000956
JBSS,John B. Sanfilippo & Son Inc. Common Stock,NASDAQ,821583975,0.000955
RXT,Rackspace Technology Inc. Common Stock,NASDAQ,820690577,0.000954
CLYM,Climb Bio Inc. Common Stock,NASDAQ,818466634,0.000951
SKYH,Sky Harbour Group Corporation Class A Common Stock,NYSE,817111375,0.000949
ADAM,Adamas Trust Inc. Common Stock,NASDAQ,817007255,0.000949
CEVA,CEVA Inc. Common Stock,NASDAQ,816749629,0.000949
AVR,Anteris Technologies Global Corp. Common Stock,NASDAQ,813778258,0.000946
PGC,Peapack-Gladstone Financial Corporation Common Stock,NASDAQ,811940202,0.000943
HTB,HomeTrust Bancshares Inc. Common Stock,NYSE,810286957,0.000941
BBSI,Barrett Business Services Inc. Common Stock,NASDAQ,808243253,0.000939
QDEL,QuidelOrtho Corporation Common Stock,NASDAQ,807818530,0.000939
SMBC,Southern Missouri Bancorp Inc. Common Stock,NASDAQ,807005200,0.000938
CADL,Candel Therapeutics Inc. Common Stock,NASDAQ,806888268,0.000938
FISI,Financial Institutions Inc. Common Stock,NASDAQ,806384251,0.000937
LWLG,Lightwave Logic Inc. Common Stock,NASDAQ,806294744,0.000937
PMT,PennyMac Mortgage Investment Trust Common Shares of Beneficial Interest,NYSE,799645660,0.000929
WGO,Winnebago Industries Inc. Common Stock,NYSE,798596227,0.000928
MTUS,Metallus Inc. Common Shares,NYSE,797484224,0.000927
EVC,Entravision Communications Corporation Common Stock,NYSE,794602306,0.000923
LINC,Lincoln Educational Services Corporation Common Stock,NASDAQ,793671405,0.000922
TRNS,Transcat Inc. Common Stock,NASDAQ,791527067,0.000920
APOG,Apogee Enterprises Inc. Common Stock,NASDAQ,790490977,0.000918
VTS,Vitesse Energy Inc. Common Stock,NYSE,789876987,0.000918
CYRX,CryoPort Inc. Common Stock,NASDAQ,787593505,0.000915
NRGV,Energy Vault Holdings Inc. Common Stock,NYSE,783728547,0.000911
WHK,WhiteHawk Minerals Corp Class A Common Stock,NYSE,783668053,0.000911
ACRS,Aclaris Therapeutics Inc. Common Stock,NASDAQ,783098111,0.000910
NVCT,Nuvectis Pharma Inc. Common Stock,NASDAQ,782411443,0.000909
CGBD,Carlyle Secured Lending Inc. Common Stock,NASDAQ,782308086,0.000909
SHBI,Shore Bancshares Inc Common Stock,NASDAQ,782246149,0.000909
KELYB,Kelly Services Inc. Class B Common Stock,NASDAQ,781121398,0.000908
DC,Dakota Gold Corp. Common Stock,AMEX,779545078,0.000906
VREX,Varex Imaging Corporation Common Stock,NASDAQ,777166000,0.000903
MITK,Mitek Systems Inc. Common Stock,NASDAQ,777007280,0.000903
INDI,indie Semiconductor Inc. Class A Common Stock,NASDAQ,776559758,0.000902
CTO,CTO Realty Growth Inc. Common Stock,NYSE,776323752,0.000902
GOOS,Canada Goose Holdings Inc. Subordinate Voting Shares,NYSE,774457281,0.000900
BFS,Saul Centers Inc. Common Stock,NYSE,772903748,0.000898
LUCK,Lucky Strike Entertainment Corporation Class A Common Stock,NYSE,768890033,0.000893
BLZE,Backblaze Inc. Class A Common Stock,NASDAQ,767560000,0.000892
WASH,Washington Trust Bancorp Inc. Common Stock,NASDAQ,762782097,0.000886
ASC,Ardmore Shipping Corporation Common Stock,NYSE,761784803,0.000885
GRPN,Groupon Inc. Common Stock,NASDAQ,761660994,0.000885
GDOT,Green Dot Corporation Class A Common Stock $0.001 par value,NYSE,755623474,0.000878
WEST,Westrock Coffee Company Common Stock,NASDAQ,751730880,0.000873
PUBM,PubMatic Inc. Class A Common Stock,NASDAQ,751120506,0.000873
FBYD,Falcon's Beyond Global Inc. Class A Common Stock,NASDAQ,750594745,0.000872
GYRE,Gyre Therapeutics Inc. Common Stock,NASDAQ,750461284,0.000872
KDK,Kodiak AI Inc. Common Stock,NASDAQ,750311956,0.000872
TCBX,Third Coast Bancshares Inc. Common Stock,NYSE,749473650,0.000871
MTW,Manitowoc Company Inc. (The) Common Stock,NYSE,749367716,0.000871
ANNX,Annexon Inc. Common Stock,NASDAQ,746941788,0.000868
FPH,Five Point Holdings LLC Class A Common Shares,NYSE,746792303,0.000868
LYTS,LSI Industries Inc. Common Stock,NASDAQ,746344560,0.000867
TASK,TaskUs Inc. Class A Common Stock,NASDAQ,746332351,0.000867
BBNX,Beta Bionics Inc. Common Stock,NASDAQ,745479130,0.000866
MFIC,MidCap Financial Investment Corporation Common Stock,NASDAQ,744648557,0.000865
PAR,PAR Technology Corporation Common Stock,NYSE,744528744,0.000865
BLMN,Bloomin' Brands Inc. Common Stock,NASDAQ,744045769,0.000865
BCSF,Bain Capital Specialty Finance Inc. Common Stock,NYSE,744041775,0.000865
WYFI,WhiteFiber Inc. Ordinary Shares,NASDAQ,743552979,0.000864
SWIM,Latham Group Inc. Common Stock,NASDAQ,743523264,0.000864
FDUS,Fidus Investment Corporation Common Stock,NASDAQ,742766903,0.000863
RCBC,River City Bank Common stock,NASDAQ,741792537,0.000862
COLL,Collegium Pharmaceutical Inc. Common Stock,NASDAQ,740640196,0.000861
MNPR,Monopar Therapeutics Inc. Common Stock,NASDAQ,740084085,0.000860
ESRT,Empire State Realty Trust Inc. Class A Common Stock,NYSE,736868952,0.000856
BWMN,Bowman Consulting Group Ltd. Common Stock,NASDAQ,735372419,0.000854
EVEX,Eve Holding Inc. Common Stock,NYSE,735306163,0.000854
TRON,Tron Inc. Common Stock,NASDAQ,735292199,0.000854
PAYS,Paysign Inc. Common Stock,NASDAQ,734572650,0.000854
MOV,Movado Group Inc. Common Stock,NYSE,730726024,0.000849
NABL,N-able Inc. Common Stock,NYSE,729177353,0.000847
UAMY,United States Antimony Corporation Common Stock,NYSE,728889900,0.000847
FDMT,4D Molecular Therapeutics Inc. Common Stock,NASDAQ,727566259,0.000845
HTZ,Hertz Global Holdings Inc Common Stock,NASDAQ,727160842,0.000845
ACHV,Achieve Life Sciences Inc. Common Shares,NASDAQ,726491579,0.000844
CCB,Coastal Financial Corporation Common Stock,NASDAQ,725489079,0.000843
AURA,Aura Biosciences Inc. Common Stock,NASDAQ,725415139,0.000843
AROW,Arrow Financial Corporation Common Stock,NASDAQ,725203755,0.000843
HNRG,Hallador Energy Company Common Stock,NASDAQ,723179096,0.000840
CBIO,Crescent Biopharma Inc. Common Stock,NASDAQ,720963875,0.000838
PFIS,Peoples Financial Services Corp. Common Stock,NASDAQ,720546217,0.000837
DGICA,Donegal Group Inc. Class A Common Stock,NASDAQ,718629300,0.000835
CTMX,CytomX Therapeutics Inc. Common Stock,NASDAQ,716888644,0.000833
IMC,IMC Rare Earths Ltd Ordinary Shares,AMEX,715731000,0.000832
AAC,Ares Acquisition Corporation III Class A Ordinary Shares,NYSE,714515111,0.000830
MAX,MediaAlpha Inc. Class A Common Stock,NYSE,713725344,0.000829
ZVRA,Zevra Therapeutics Inc. Common Stock,NASDAQ,713199210,0.000829
PRAA,PRA Group Inc. Common Stock,NASDAQ,712676754,0.000828
ARRY,Array Technologies Inc. Common Stock,NASDAQ,711515537,0.000827
CWBC,Community West Bancshares Common Stock,NASDAQ,710562933,0.000826
VEL,Velocity Financial Inc. Common Stock,NYSE,709481782,0.000824
METC,Ramaco Resources Inc. Class A Common Stock,NASDAQ,709314394,0.000824
CASS,Cass Information Systems Inc Common Stock,NASDAQ,706643302,0.000821
PFLT,PennantPark Floating Rate Capital Ltd. Common Stock,NYSE,706431420,0.000821
TROX,Tronox Holdings plc Ordinary Shares (UK),NYSE,705874128,0.000820
SMWB,Similarweb Ltd. Ordinary Shares,NYSE,701819268,0.000815
PSTL,Postal Realty Trust Inc. Class A Common Stock,NYSE,701773854,0.000815
WOOF,Petco Health and Wellness Company Inc. Class A Common Stock,NASDAQ,701727425,0.000815
BCAL,California BanCorp Common Stock,NASDAQ,701203299,0.000815
FWRG,First Watch Restaurant Group Inc. Common Stock,NASDAQ,700436137,0.000814
GLAS,Glass House Brands Inc. Subordinate Voting Shares,NYSE,697824013,0.000811
HYLN,Hyliion Holdings Corp. Class A Common Stock,AMEX,696529150,0.000809
RPD,Rapid7 Inc. Common Stock,NASDAQ,694900598,0.000807
ISOU,IsoEnergy Ltd. Common Shares,AMEX,694168060,0.000807
MSBI,Midland States Bancorp Inc. Common Stock,NASDAQ,694158146,0.000807
MAMA,Mama's Creations Inc. Common Stock,NASDAQ,694010744,0.000806
XFLT,XAI Floating Rate & Alternative Income Trust Common Shares of Beneficial Interest,NYSE,692345745,0.000804
CARE,Carter Bankshares Inc. Common Stock,NASDAQ,692179565,0.000804
SMC,Summit Midstream Corporation Common Stock,NYSE,691490294,0.000803
HOV,Hovnanian Enterprises Inc. Class A Common Stock,NYSE,690870449,0.000803
PKE,Park Aerospace Corp. Common Stock,NYSE,690818461,0.000803
GMRS,GMR Solutions Inc. Class A Common Stock,NYSE,690397467,0.000802
BSTZ,BlackRock Science and Technology Term Trust Common Shares of Beneficial Interest,NYSE,687779043,0.000799
TBLD,Thornburg Income Builder Opportunities Trust Common Stock,NASDAQ,685910659,0.000797
NMFC,New Mountain Finance Corporation Common Stock,NASDAQ,683835304,0.000795
RRBI,Red River Bancshares Inc. Common Stock,NASDAQ,681323289,0.000792
ENVX,Enovix Corporation Common Stock,NASDAQ,680290459,0.000790
BHB,Bar Harbor Bankshares Inc. Common Stock,AMEX,680032205,0.000790
OPFI,OppFi Inc. Class A Common Stock,NYSE,679961811,0.000790
OFRM,Once Upon a Farm PBC Common Stock,NYSE,679408766,0.000789
PZZA,Papa John's International Inc. Common Stock,NASDAQ,676869885,0.000786
MLAB,Mesa Laboratories Inc. Common Stock,NASDAQ,676372686,0.000786
PHAT,Phathom Pharmaceuticals Inc. Common Stock,NASDAQ,676331808,0.000786
IRWD,Ironwood Pharmaceuticals Inc. Class A Common Stock,NASDAQ,674178984,0.000783
GRNT,Granite Ridge Resources Inc. Common Stock,NYSE,674010237,0.000783
CCSI,Consensus Cloud Solutions Inc. Common Stock,NASDAQ,673074385,0.000782
PKOH,Park-Ohio Holdings Corp. Common Stock,NASDAQ,673060965,0.000782
AGNT,AGNT Inc. Common Stock,NASDAQ,671814107,0.000781
HIFS,Hingham Institution for Savings Common Stock,NASDAQ,671041026,0.000780
SGMT,Sagimet Biosciences Inc. Series A Common Stock,NASDAQ,670111810,0.000779
CNNE,Cannae Holdings Inc. Common Stock,NYSE,668396838,0.000777
MDXG,MiMedx Group Inc Common Stock,NASDAQ,666125339,0.000774
SSYS,Stratasys Ltd. Ordinary Shares (Israel),NASDAQ,665252001,0.000773
EGY,VAALCO Energy Inc.  Common Stock,NYSE,664812037,0.000772
SCHL,Scholastic Corporation Common Stock,NASDAQ,663956388,0.000771
HPP,Hudson Pacific Properties Inc. Common Stock,NYSE,663706702,0.000771
ACNB,ACNB Corporation Common Stock,NASDAQ,662977737,0.000770
VSTM,Verastem Inc. Common Stock,NASDAQ,662924388,0.000770
TIPT,Tiptree Inc. Common Stock,NASDAQ,662866518,0.000770
SLRC,SLR Investment Corp. Common Stock,NASDAQ,659019979,0.000766
MATV,Mativ Holdings Inc. Common Stock,NYSE,658969770,0.000766
NGVC,Natural Grocers by Vitamin Cottage Inc. Common Stock,NYSE,658189505,0.000765
LEGH,Legacy Housing Corporation Common Stock (TX),NASDAQ,658036900,0.000765
AUXX,Gold X2 Mining Inc. Common Shares,AMEX,655677556,0.000762
SPT,Sprout Social Inc Class A Common Stock,NASDAQ,654395890,0.000760
NFGC,New Found Gold Corp Common Shares,AMEX,649564258,0.000755
GDYN,Grid Dynamics Holdings Inc. Class A Common Stock,NASDAQ,647392510,0.000752
FBRT,Franklin BSP Realty Trust Inc. Common Stock,NYSE,646093336,0.000751
ONT,Onterris Inc. Common Stock,NYSE,643702382,0.000748
VLGEA,Village Super Market Inc. Class A Common Stock,NASDAQ,640214296,0.000744
PHR,Phreesia Inc. Common Stock,NYSE,639951433,0.000744
ALT,Altimmune Inc. Common Stock,NASDAQ,636072882,0.000739
SHEN,Shenandoah Telecommunications Co Common Stock,NASDAQ,635573339,0.000738
KRNY,Kearny Financial Corp Common Stock,NASDAQ,635009356,0.000738
YEXT,Yext Inc. Common Stock,NYSE,633463706,0.000736
GAIN,Gladstone Investment Corporation Business Development Company,NASDAQ,633169275,0.000736
NUAI,New Era Energy & Digital Inc. Common Stock,NASDAQ,632962474,0.000735
ANGO,AngioDynamics Inc. Common Stock,NASDAQ,631145580,0.000733
BLSM,BlossomHill Therapeutics Inc. Common Stock,NASDAQ,631078310,0.000733
MG,Mistras Group Inc Common Stock,NYSE,630946380,0.000733
SWMR,Swarmer Inc Common Stock,NASDAQ,630945078,0.000733
NVRI,Enviri Corporation Common Stock,NYSE,628921555,0.000731
STLN,Starling Oncology Inc. Common Stock,NASDAQ,628822430,0.000731
OOMA,Ooma Inc. Common Stock,NYSE,628452000,0.000730
KE,Kimball Electronics Inc. Common Stock,NASDAQ,627216259,0.000729
BXC,Bluelinx Holdings Inc. Common Stock,NYSE,626930908,0.000728
JBI,Janus International Group Inc. Common Stock,NYSE,626240276,0.000728
SWRD,Stewards Inc Common Stock,NASDAQ,625003890,0.000726
RSVR,Reservoir Media Inc. Common Stock,NASDAQ,624364136,0.000725
MATW,Matthews International Corporation Class A Common Stock,NASDAQ,624263460,0.000725
CWH,Camping World Holdings Inc. Class A Common Stock,NYSE,623901293,0.000725
STTK,Shattuck Labs Inc. Common Stock,NASDAQ,622252169,0.000723
RMT,Royce Micro-Cap Trust Inc. Common Stock,NYSE,621856798,0.000723
CARS,Cars.com Inc. Common Stock,NYSE,621514810,0.000722
MLR,Miller Industries Inc. Common Stock,NYSE,621191508,0.000722
OSPN,OneSpan Inc. Common Stock,NASDAQ,620959115,0.000722
WTI,W&T Offshore Inc. Common Stock,NYSE,620375533,0.000721
GOOD,Gladstone Commercial Corporation Real Estate Investment Trust,NASDAQ,615259338,0.000715
ALLO,Allogene Therapeutics Inc. Common Stock,NASDAQ,614973768,0.000715
ADTN,ADTRAN Holdings Inc. Common Stock,NASDAQ,614369809,0.000714
CTGO,Contango Silver & Gold Inc. Common Stock,AMEX,612299052,0.000711
RMR,The RMR Group Inc. Class A Common Stock,NASDAQ,610165899,0.000709
CRMD,CorMedix Inc. Common Stock,NASDAQ,609914335,0.000709
CTEV,Claritev Corporation Class A Common Stock,NYSE,609769719,0.000709
FBIZ,First Business Financial Services Inc. Common Stock,NASDAQ,608878963,0.000707
GCBC,Greene County Bancorp Inc. Common Stock,NASDAQ,607980069,0.000706
ASMB,Assembly Biosciences Inc. Common Stock,NASDAQ,606745761,0.000705
ABTC,American Bitcoin Corp. Class A Common Stock,NASDAQ,605860012,0.000704
NTGR,NETGEAR Inc. Common Stock,NASDAQ,604189637,0.000702
UNTY,Unity Bancorp Inc. Common Stock,NASDAQ,603860215,0.000702
INN,Summit Hotel Properties Inc. Common Stock,NYSE,602900858,0.000701
NRDS,NerdWallet Inc. Class A Common Stock,NASDAQ,602795531,0.000700
RGR,Sturm Ruger & Company Inc. Common Stock,NYSE,602699816,0.000700
HY,Hyster-Yale Inc. Class A common stock,NYSE,602640307,0.000700
LMB,Limbach Holdings Inc. Common Stock,NASDAQ,602212147,0.000700
CLDT,Chatham Lodging Trust (REIT) Common Shares of Beneficial Interest,NYSE,600696421,0.000698
NCDL,Nuveen Churchill Direct Lending Corp. Common Stock,NYSE,600052840,0.000697
AQST,Aquestive Therapeutics Inc. Common Stock,NASDAQ,599945677,0.000697
CTKB,Cytek Biosciences Inc. Common Stock,NASDAQ,599222796,0.000696
SFST,Southern First Bancshares Inc. Common Stock,NASDAQ,597857176,0.000695
BWB,Bridgewater Bancshares Inc. Common Stock,NASDAQ,596434974,0.000693
NPB,Northpointe Bancshares Inc. Common Stock,NYSE,595499319,0.000692
CMDB,Costamare Bulkers Holdings Limited Common Stock,NYSE,592663369,0.000689
IIIN,Insteel Industries Inc. Common Stock,NYSE,592555941,0.000689
OABI,OmniAb Inc. Common Stock,NASDAQ,591738920,0.000688
CBNK,Capital Bancorp Inc. Common Stock,NASDAQ,590529030,0.000686
SWBI,Smith & Wesson Brands Inc. Common Stock,NASDAQ,589641792,0.000685
BME,Blackrock Health Sciences Trust,NYSE,589586056,0.000685
WEAV,Weave Communications Inc. Common Stock,NYSE,584793560,0.000679
ALOY,REalloys Inc. Common Stock,NASDAQ,583813210,0.000678
NXRT,NexPoint Residential Trust Inc. Common Stock,NYSE,582280238,0.000677
NRIM,Northrim BanCorp Inc Common Stock,NASDAQ,581923079,0.000676
HNST,The Honest Company Inc. Common Stock,NASDAQ,580408490,0.000674
GEMI,Gemini Space Station Inc. Class A Common Stock,NASDAQ,578248821,0.000672
ITRG,Integra Resources Corp. Common Shares,AMEX,578188250,0.000672
LPTH,LightPath Technologies Inc. Class A Common Stock,NASDAQ,577662544,0.000671
SLDP,Solid Power Inc. Class A Common Stock,NASDAQ,577298466,0.000671
KIDS,OrthoPediatrics Corp. Common Stock,NASDAQ,575981923,0.000669
RYAM,Rayonier Advanced Materials Inc. Common Stock,NYSE,574975768,0.000668
BTBT,Bit Digital Inc. Ordinary Shares,NASDAQ,573407270,0.000666
CIVB,Civista Bancshares Inc. Common Stock,NASDAQ,570593891,0.000663
TRTX,TPG RE Finance Trust Inc. Common Stock,NYSE,569626047,0.000662
FAC,Factorial Energy Inc. Class A Common Stock,NASDAQ,568293431,0.000660
TECX,Tectonic Therapeutic Inc. Common Stock,NASDAQ,567909082,0.000660
PRME,Prime Medicine Inc. Common Stock,NASDAQ,567709559,0.000660
RGNX,REGENXBIO Inc. Common Stock,NASDAQ,563092528,0.000654
BRSP,BrightSpire Capital Inc. Class A Common Stock,NYSE,563032601,0.000654
SCTX,Scribe Therapeutics Inc. Common Stock,NASDAQ,563028163,0.000654
FLGT,Fulgent Genetics Inc. Common Stock,NASDAQ,562687742,0.000654
FWRD,Forward Air Corporation Common Stock,NASDAQ,561775735,0.000653
ITIC,Investors Title Company Common Stock,NASDAQ,561735450,0.000653
UHT,Universal Health Realty Income Trust Common Stock,NYSE,561506834,0.000652
CTNM,Contineum Therapeutics Inc. Class A Common Stock,NASDAQ,557545176,0.000648
DNUT,Krispy Kreme Inc. Common Stock,NASDAQ,556935000,0.000647
NB,NioCorp Developments Ltd. Common Stock,NASDAQ,553958718,0.000644
ETD,Ethan Allen Interiors Inc. Common Stock,NYSE,552690891,0.000642
ARVN,Arvinas Inc. Common Stock,NASDAQ,552513314,0.000642
DCTH,Delcath Systems Inc. Common Stock,NASDAQ,552057828,0.000641
XMAX,XMAX Inc. Common Stock,NASDAQ,551675292,0.000641
DDD,3D Systems Corporation Common Stock,NYSE,551608130,0.000641
KELYA,Kelly Services Inc. Class A Common Stock,NASDAQ,551543255,0.000641
PANL,Pangaea Logistics Solutions Ltd. Common Shares,NASDAQ,550634423,0.000640
TLRY,Tilray Brands Inc. Common Stock,NASDAQ,547538388,0.000636
BWFG,Bankwell Financial Group Inc. Common Stock,NASDAQ,546638120,0.000635
TITN,Titan Machinery Inc. Common Stock,NASDAQ,546433868,0.000635
HBCP,Home Bancorp Inc. Common Stock,NASDAQ,544813315,0.000633
PROK,ProKidney Corp. Class A Ordinary Shares,NASDAQ,544180779,0.000632
SD,SandRidge Energy Inc. Common Stock,NYSE,542411580,0.000630
TMS,Teamshares Inc. Common Stock,NASDAQ,541773095,0.000630
VRRM,Verra Mobility Corporation Class A Common Stock,NASDAQ,539538954,0.000627
EBF,Ennis Inc. Common Stock,NYSE,538853194,0.000626
YORW,York Water Company (The) Common Stock,NASDAQ,538302032,0.000625
SDHC,Smith Douglas Homes Corp. Class A Common Stock,NYSE,537764271,0.000625
GFUZ,General Fusion Group Ltd. Common Shares,NASDAQ,534444744,0.000621
IPI,Intrepid Potash Inc Common Stock,NYSE,533960824,0.000620
BSRR,Sierra Bancorp Common Stock,NASDAQ,527999160,0.000613
TYG,Tortoise Energy Infrastructure Corporation Common Stock,NYSE,526616917,0.000612
BBCP,Concrete Pumping Holdings Inc. Common Stock,NASDAQ,525603371,0.000611
BDN,Brandywine Realty Trust Common Stock,NYSE,525476460,0.000611
OVID,Ovid Therapeutics Inc. Common Stock,NASDAQ,525351235,0.000610
OIS,Oil States International Inc. Common Stock,NYSE,524203559,0.000609
BSVN,Bank7 Corp. Common stock,NASDAQ,522874236,0.000608
MEI,Methode Electronics Inc. Common Stock,NYSE,522200026,0.000607
PBAM,Private Bancorp of America Inc. Common Stock,NASDAQ,520551240,0.000605
QUAD,Quad Graphics Inc Class A Common Stock,NYSE,519759150,0.000604
ILPT,Industrial Logistics Properties Trust Common Shares of Beneficial Interest,NASDAQ,517948037,0.000602
EOLS,Evolus Inc. Common Stock,NASDAQ,517835450,0.000602
VHI,Valhi Inc. Common Stock,NYSE,517144984,0.000601
CSV,Carriage Services Inc. Common Stock,NYSE,516492266,0.000600
OBT,Orange County Bancorp Inc. Common Stock,NASDAQ,513256824,0.000596
CLMB,Climb Global Solutions Inc. Common Stock,NASDAQ,513167573,0.000596
ALTI,AlTi Global Inc. Class A Common Stock,NASDAQ,513053891,0.000596
CMCO,Columbus McKinnon Corporation Common Stock,NASDAQ,512051689,0.000595
WNC,Wabash National Corporation Common Stock,NYSE,511251521,0.000594
COFS,ChoiceOne Financial Services Inc. Common Stock,NASDAQ,509235456,0.000592
AII,American Integrity Insurance Group Inc. Common Stock,NYSE,508057562,0.000590
ASPI,ASP Isotopes Inc. Common Stock,NASDAQ,507454048,0.000590
HQL,abrdn Life Sciences Investors Shares of Beneficial Interest,NYSE,507429607,0.000590
TCMD,Tactile Systems Technology Inc. Common Stock,NASDAQ,507411206,0.000590
ARKO,ARKO Corp. Common Stock,NASDAQ,507079459,0.000589
ETO,Eaton Vance Tax-Advantage Global Dividend Opp Common Stock,NYSE,506885108,0.000589
OLP,One Liberty Properties Inc. Common Stock,NYSE,506340557,0.000588
CTRN,Citi Trends Inc. Common Stock,NASDAQ,505537277,0.000587
IMSR,Terrestrial Energy Inc. Common Stock,NASDAQ,502662780,0.000584
IRD,Opus Genetics Inc. Common Stock,NASDAQ,502502771,0.000584
AMCX,AMC Global Media Inc. Class A Common Stock,NASDAQ,502012147,0.000583
CERS,Cerus Corporation Common Stock,NASDAQ,501796996,0.000583
WTBA,West Bancorporation Common Stock,NASDAQ,500574732,0.000582
ARTV,Artiva Biotherapeutics Inc. Common Stock,NASDAQ,499657037,0.000581
GTN,Gray Media Inc. Common Stock,NYSE,499474258,0.000580
PDLB,Ponce Financial Group Inc. Common Stock,NASDAQ,496819487,0.000577
KRUS,Kura Sushi USA Inc. Class A Common Stock,NASDAQ,495713309,0.000576
ELMT,The Elmet Group Co. Common Stock,NASDAQ,493139273,0.000573
MBUU,Malibu Boats Inc. Class A Common Stock,NASDAQ,489767400,0.000569
PRTH,Priority Technology Holdings Inc. Common Stock,NASDAQ,489695810,0.000569
IDR,Idaho Strategic Resources Inc. Common Stock,AMEX,489186915,0.000568
FMAO,Farmers & Merchants Bancorp Inc. Common Stock,NASDAQ,488534056,0.000568
NGS,Natural Gas Services Group Inc. Common Stock,NYSE,488458053,0.000568
ULH,Universal Logistics Holdings Inc. Common Stock,NASDAQ,488068071,0.000567
MEC,Mayville Engineering Company Inc. Common Stock,NYSE,487056322,0.000566
CAPR,Capricor Therapeutics Inc. Common Stock,NASDAQ,486623338,0.000565
NVEC,NVE Corporation Common Stock,NASDAQ,486183555,0.000565
VOGX,Vogenx Inc Common Stock,NASDAQ,485909896,0.000565
EIKN,Eikon Therapeutics Inc. Common Stock,NASDAQ,484235368,0.000563
FWDI,Forward Industries Inc. Common Stock,NASDAQ,483697084,0.000562
RLMD,Relmada Therapeutics Inc. Common Stock,NASDAQ,482147704,0.000560
NPCE,Neuropace Inc. Common Stock,NASDAQ,481912807,0.000560
CCOI,Cogent Communications Holdings Inc.,NASDAQ,477842817,0.000555
XRN,Chiron Real Estate Inc. Common Stock,NYSE,476429502,0.000554
EVH,Evolent Health Inc Class A Common Stock,NYSE,473718614,0.000550
SPRY,ARS Pharmaceuticals Inc. Common Stock,NASDAQ,473369353,0.000550
OXM,Oxford Industries Inc. Common Stock,NYSE,472264979,0.000549
AHRT,AH Realty Trust Inc. Common Stock,NYSE,471427709,0.000548
PBYI,Puma Biotechnology Inc Common Stock,NASDAQ,470775002,0.000547
GUT,Gabelli Utility Trust (The) Common Stock,NYSE,470487776,0.000547
JOUT,Johnson Outdoors Inc. Class A Common Stock,NASDAQ,467498079,0.000543
NRC,NRC Health Common Stock,NASDAQ,467165234,0.000543
ATNI,ATN International Inc. Common Stock,NASDAQ,467029784,0.000543
FPI,Farmland Partners Inc. Common Stock,NYSE,466848725,0.000542
CZNC,Citizens & Northern Corp Common Stock,NASDAQ,465768496,0.000541
OPTU,Optimum Communications Inc. Class A common stock,NYSE,464696552,0.000540
CBK,Commercial Bancgroup Inc. Common Stock,NASDAQ,464062015,0.000539
TWI,Titan International Inc. (DE) Common Stock,NYSE,464059511,0.000539
SPIR,Spire Global Inc. Class A Common Stock,NYSE,463907477,0.000539
CABA,Cabaletta Bio Inc. Common Stock,NASDAQ,462859065,0.000538
BALY,Bally's Corporation Common Stock,NYSE,462805517,0.000538
LOCO,El Pollo Loco Holdings Inc. Common Stock,NASDAQ,461971984,0.000537
SENS,Senseonics Holdings Inc. Common Stock,NASDAQ,460533002,0.000535
SRTA,Strata Critical Medical Inc. Class A Common Stock,NASDAQ,459585057,0.000534
AMSF,AMERISAFE Inc. Common Stock,NASDAQ,459138157,0.000533
SBC,SBC Medical Group Holdings Incorporated Common Stock,NASDAQ,458697366,0.000533
PRTA,Prothena Corporation plc Ordinary Shares,NASDAQ,458439178,0.000533
CBAN,Colony Bankcorp Inc. Common Stock,NYSE,455401909,0.000529
FVR,FrontView REIT Inc. Common Stock,NYSE,451946011,0.000525
FRBA,First Bank Common Stock,NASDAQ,450659846,0.000524
XRX,Xerox Holdings Corporation Common Stock,NASDAQ,450408773,0.000523
BMRC,Bank of Marin Bancorp Common Stock,NASDAQ,450038152,0.000523
RBB,RBB Bancorp Common Stock,NASDAQ,449118844,0.000522
KYTX,Kyverna Therapeutics Inc. Common Stock,NASDAQ,448983403,0.000522
PBFS,Pioneer Bancorp Inc. Common Stock,NASDAQ,448640434,0.000521
SGHT,Sight Sciences Inc. Common Stock,NASDAQ,448416239,0.000521
ASIX,AdvanSix Inc. Common Stock,NYSE,448219688,0.000521
ACTG,Acacia Research Corporation (Acacia Tech) Common Stock,NASDAQ,445971699,0.000518
RWT,Redwood Trust Inc. Common Stock,NYSE,445924134,0.000518
STRZ,Starz Entertainment Corp. Common Shares,NASDAQ,443002304,0.000515
SPCE,Virgin Galactic Holdings Inc. Common Stock,NYSE,442660037,0.000514
BLW,Blackrock Limited Duration Income Trust,NYSE,442105312,0.000514
ACIC,American Coastal Insurance Corporation Common Stock,NASDAQ,441518874,0.000513
GLAD,Gladstone Capital Corporation Common Stock,NASDAQ,440112984,0.000511
CIX,CompX International Inc. Common Stock,AMEX,439801822,0.000511
TRC,Tejon Ranch Co Common Stock,NYSE,438017607,0.000509
PLBC,Plumas Bancorp,NASDAQ,436469484,0.000507
AVBC,Avidia Bancorp Inc. Common Stock,NYSE,434753562,0.000505
DNA,Ginkgo Bioworks Holdings Inc. Class A Common Stock,NYSE,434296870,0.000505
GBLI,Global Indemnity Group LLC Class A Common Stock,NASDAQ,431898113,0.000502
CCCC,C4 Therapeutics Inc. Common Stock,NASDAQ,431818227,0.000502
HVT,Haverty Furniture Companies Inc. Common Stock,NYSE,430384078,0.000500
NPWR,NET Power Inc. Class A Common Stock,NYSE,429479852,0.000499
CPS,Cooper-Standard Holdings Inc. Common Stock,NYSE,428237913,0.000498
USCB,USCB Financial Holdings Inc. Class A Common Stock,NASDAQ,427868725,0.000497
EVGO,EVgo Inc. Class A Common Stock,NASDAQ,427741379,0.000497
ADV,Advantage Solutions Inc. Class A Common Stock,NASDAQ,427236704,0.000496
IMXI,International Money Express Inc. Common Stock,NASDAQ,425983941,0.000495
AVIR,Atea Pharmaceuticals Inc. Common Stock,NASDAQ,425886952,0.000495
WEYS,Weyco Group Inc. Common Stock,NASDAQ,425878332,0.000495
ISTR,Investar Holding Corporation Common Stock,NASDAQ,425296793,0.000494
FRPH,FRP Holdings Inc. Common Stock,NASDAQ,425242367,0.000494
BRCB,Black Rock Coffee Bar Inc. Class A Common Stock,NASDAQ,424616318,0.000493
RMNI,Rimini Street Inc. (DE) Common Stock,NASDAQ,423836240,0.000492
SGU,Star Group L.P. Common Stock,NYSE,422608462,0.000491
FISN,Deep Fission Inc. Common Stock,NASDAQ,421766516,0.000490
CAL,Caleres Inc. Common Stock,NYSE,420207697,0.000488
MAGN,Magnera Corporation Common Stock,NYSE,418860000,0.000487
KREF,KKR Real Estate Finance Trust Inc. Common Stock,NYSE,418832328,0.000487
BNTC,Benitec Biopharma Inc. Common Stock,NASDAQ,418779331,0.000487
GMTL,Guardian Metal Resources PLC ADS,AMEX,418666503,0.000486
CHCT,Community Healthcare Trust Incorporated Common Stock,NYSE,418632632,0.000486
CLPT,ClearPoint Neuro Inc. Common Stock,NASDAQ,418517994,0.000486
ORBS,Eightco Holdings Inc. Common Stock,NASDAQ,418345321,0.000486
VITL,Vital Farms Inc. Common Stock,NASDAQ,418153024,0.000486
CINT,CI&T Inc Class A Common Shares,NYSE,416313902,0.000484
GNE,Genie Energy Ltd. Class B Common Stock Stock,NYSE,415323651,0.000483
EDIT,Editas Medicine Inc. Common Stock,NASDAQ,414666095,0.000482
EVN,Eaton Vance Municipal Income Trust Common Stock,NYSE,413331838,0.000480
LAND,Gladstone Land Corporation Common Stock,NASDAQ,411954272,0.000479
CYH,Community Health Systems Inc. Common Stock,NYSE,411747322,0.000478
CHMG,Chemung Financial Corp Common Stock,NASDAQ,410307267,0.000477
IIIV,i3 Verticals Inc. Class A Common Stock,NASDAQ,409307240,0.000476
BOC,Boston Omaha Corporation Class A Common Stock,NYSE,408817501,0.000475
PKBK,Parke Bancorp Inc. Common Stock,NASDAQ,408358238,0.000474
CLFD,Clearfield Inc. Common Stock,NASDAQ,407790329,0.000474
ASPN,Aspen Aerogels Inc. Common Stock,NYSE,407474929,0.000473
LRMR,Larimar Therapeutics Inc. Common Stock,NASDAQ,407221113,0.000473
RZLT,Rezolute Inc. Common Stock (NV),NASDAQ,406353637,0.000472
MVBF,MVB Financial Corp. Common Stock,NASDAQ,406271994,0.000472
RNGR,Ranger Energy Services Inc. Class A Common Stock,NYSE,406025099,0.000472
DDT,Dillard's Capital Trust I,NYSE,405142006,0.000471
PACB,Pacific Biosciences of California Inc. Common Stock,NASDAQ,404079987,0.000470
HBB,Hamilton Beach Brands Holding Company Class A Common Stock,NYSE,403269960,0.000469
AIOT,PowerFleet Inc. Common Stock,NASDAQ,402677754,0.000468
CARL,Carlsmed Inc. Common Stock,NASDAQ,402169404,0.000467
FCBM,First Carolina Financial Services Inc. Common Stock,NYSE,401720256,0.000467
NATH,Nathan's Famous Inc. Common Stock,NASDAQ,401447848,0.000466
FRST,Primis Financial Corp. Common Stock,NASDAQ,400505013,0.000465
MNRO,Monro Inc. Common Stock,NASDAQ,399867327,0.000465
REI,Ring Energy Inc. Common Stock,AMEX,398625599,0.000463
PESI,Perma-Fix Environmental Services Inc. Common Stock,NASDAQ,398268448,0.000463
BBOT,BridgeBio Oncology Therapeutics Inc. Common Stock,NASDAQ,396862622,0.000461
MCI,Barings Corporate Investors Common Stock,NYSE,395913989,0.000460
FSTR,L.B. Foster Company Common Stock,NASDAQ,395437891,0.000459
CZFS,Citizens Financial Services Inc. Common Stock,NASDAQ,395418180,0.000459
MRAM,Everspin Technologies Inc. Common Stock,NASDAQ,394957146,0.000459
BMBL,Bumble Inc. Class A Common Stock,NASDAQ,394585259,0.000458
GALT,Galectin Therapeutics Inc. Common Stock,NASDAQ,394322108,0.000458
FNLC,First Bancorp Inc  (ME) Common Stock,NASDAQ,394317783,0.000458
SFIX,Stitch Fix Inc. Class A Common Stock,NASDAQ,393606275,0.000457
MASS,908 Devices Inc. Common Stock,NASDAQ,393496872,0.000457
PCB,PCB Bancorp Common Stock,NASDAQ,391563504,0.000455
ACCO,Acco Brands Corporation Common Stock,NYSE,391384088,0.000455
FIP,FTAI Infrastructure Inc. Common Stock,NASDAQ,391181549,0.000455
GCO,Genesco Inc. Common Stock,NYSE,390076892,0.000453
BIOA,BioAge Labs Inc. Common Stock,NASDAQ,389664757,0.000453
RDIB,Reading International Inc Class B Common Stock,NASDAQ,389589962,0.000453
BNED,Barnes & Noble Education Inc Common Stock,NYSE,389287725,0.000452
SOR,Source Capital Inc. Cmn Shs of BI,NYSE,388477406,0.000451
SERV,Serve Robotics Inc. Common Stock,NASDAQ,388449631,0.000451
GEVO,Gevo Inc. Common Stock,NASDAQ,388162253,0.000451
SI,Shoulder Innovations Inc. Common Stock,NYSE,385775273,0.000448
ERII,Energy Recovery Inc. Common Stock,NASDAQ,385388806,0.000448
CRNC,Cerence Inc. Common Stock,NASDAQ,384909487,0.000447
WSBF,Waterstone Financial Inc. Common Stock (MD),NASDAQ,384169088,0.000446
FENC,Fennec Pharmaceuticals Inc. Common Stock,NASDAQ,383972640,0.000446
EVMN,Evommune Inc. Common Stock,NYSE,382518871,0.000444
RLGT,Radiant Logistics Inc. Common Stock,AMEX,380741445,0.000442
METCB,Ramaco Resources Inc. Class B Common Stock,NASDAQ,379695552,0.000441
ORN,Orion Group Holdings Inc. Common,NYSE,379035914,0.000440
TTRX,Turn Therapeutics Inc. Common Stock,NASDAQ,378010228,0.000439
ENTA,Enanta Pharmaceuticals Inc. Common Stock,NASDAQ,377465210,0.000439
TREE,LendingTree Inc. Common Stock,NASDAQ,376541026,0.000438
NWFL,Norwood Financial Corp. Common Stock,NASDAQ,376339594,0.000437
MNTK,Montauk Renewables Inc. Common Stock,NASDAQ,375780607,0.000437
QNC,Quantum eMotion Corp. Common Shares,AMEX,373013439,0.000433
SLP,Simulations Plus Inc. Common Stock,NASDAQ,372541516,0.000433
LWAY,Lifeway Foods Inc. Common Stock,NASDAQ,371777044,0.000432
RR,Richtech Robotics Inc. Class B Common Stock,NASDAQ,371418206,0.000432
ARTNA,Artesian Resources Corporation Class A Common Stock,NASDAQ,370227288,0.000430
OPI,Office Properties Income Trust Common shares of beneficial interest,NASDAQ,369698237,0.000430
INDP,Indaptus Therapeutics Inc. Common Stock,NASDAQ,369081237,0.000429
NECB,NorthEast Community Bancorp Inc. Common Stock,NASDAQ,368930381,0.000429
LEO,BNY Mellon Strategic Municipals Inc. Common Stock,NYSE,368761856,0.000428
VALU,Value Line Inc. Common Stock,NASDAQ,368680583,0.000428
BKKT,Bakkt Inc. Class A Common Stock,NYSE,368668166,0.000428
OBIO,Orchestra BioMed Holdings Inc. Ordinary Shares,NASDAQ,367842900,0.000427
RCKT,Rocket Pharmaceuticals Inc. Common Stock,NASDAQ,367744900,0.000427
BRBS,Blue Ridge Bankshares Inc. Common Stock,AMEX,366827409,0.000426
PRLD,Prelude Therapeutics Incorporated Common Stock,NASDAQ,366297996,0.000426
CCAP,Crescent Capital BDC Inc. Common stock,NASDAQ,365511844,0.000425
EYPT,EyePoint Inc. Common Stock,NASDAQ,364677344,0.000424
OPRT,Oportun Financial Corporation Common Stock,NASDAQ,361919681,0.000421
TSBK,Timberland Bancorp Inc. Common Stock,NASDAQ,361335292,0.000420
IHRT,iHeartMedia Inc. Class A Common Stock,NASDAQ,360987643,0.000419
TKNO,Alpha Teknova Inc. Common Stock,NASDAQ,360248131,0.000419
CMPX,Compass Therapeutics Inc. Common Stock,NASDAQ,360175830,0.000418
CLNE,Clean Energy Fuels Corp. Common Stock,NASDAQ,359325374,0.000418
PALI,Palisade Bio Inc. Common Stock,NASDAQ,358997349,0.000417
DIN,Dine Brands Global Inc. Common Stock,NYSE,358127354,0.000416
JILL,J. Jill Inc. Common Stock,NYSE,357900486,0.000416
TWIN,Twin Disc Incorporated Common Stock,NASDAQ,356784999,0.000415
RBBN,Ribbon Communications Inc. Common Stock,NASDAQ,355858470,0.000413
GOGO,Gogo Inc. Common Stock,NASDAQ,355030598,0.000413
SION,Sionna Therapeutics Inc. Common Stock,NASDAQ,354917332,0.000412
CION,CION Investment Corporation Common Stock,NYSE,353275415,0.000410
NEWT,NewtekOne Inc. Common Stock,NASDAQ,352971413,0.000410
CVEO,Civeo Corporation (Canada) Common Shares,NYSE,351970049,0.000409
IPSC,Century Therapeutics Inc. Common Stock,NASDAQ,351286123,0.000408
MOVE,Corvex Inc. Common Stock,NASDAQ,351176821,0.000408
ELA,Envela Corporation Common Stock,AMEX,349468387,0.000406
DMAC,DiaMedica Therapeutics Inc. Common Stock,NASDAQ,348899260,0.000405
LXEO,Lexeo Therapeutics Inc. Common Stock,NASDAQ,348696584,0.000405
AIV,Apartment Investment and Management Company Common Stock,NYSE,348568555,0.000405
XLAB,Exascale Labs Holdings Inc. Class A Common Stock,NASDAQ,347472000,0.000404
XFOR,X4 Pharmaceuticals Inc. Common Stock,NASDAQ,347013601,0.000403
AVBH,Avidbank Holdings Inc. Common stock,NASDAQ,346748464,0.000403
OCGN,Ocugen Inc. Common Stock,NASDAQ,345892609,0.000402
BBW,Build-A-Bear Workshop Inc. Common Stock,NYSE,345782678,0.000402
MPTI,M-tron Industries Inc. Common Stock,AMEX,345501377,0.000401
CUB,Lionheart Holdings Class A Ordinary Shares,NASDAQ,345324421,0.000401
SHOE,Shoe Station Group Inc. Common Stock,NASDAQ,345093125,0.000401
PPHC,Public Policy Holding Company Inc. Common Stock,NASDAQ,343496871,0.000399
TCI,Transcontinental Realty Investors Inc. Common Stock,NYSE,343062032,0.000399
TDUP,ThredUp Inc. Class A Common Stock,NASDAQ,342780827,0.000398
NL,NLI Holdings Inc. Common Stock,NYSE,342780125,0.000398
NXH,Neighborhood Intelligence Inc. Common Stock,NASDAQ,341881705,0.000397
SUJA,Suja Life Inc. Class A Common Stock,NASDAQ,341831356,0.000397
IA,Innovative Solutions and Support Inc. Common Stock,NASDAQ,341516221,0.000397
TCPC,BlackRock TCP Capital Corp. Common Stock,NASDAQ,341484294,0.000397
FSBW,FS Bancorp Inc. Common Stock,NASDAQ,340431008,0.000396
PACK,Ranpak Holdings Corp Class A Common Stock,NYSE,338745242,0.000394
VELO,Velo3D Inc. Common stock,NASDAQ,338530213,0.000393
ABAT,American Battery Technology Company Common Stock,NASDAQ,336943590,0.000392
VMD,Viemed Healthcare Inc. Common Shares,NASDAQ,334795524,0.000389
KTF,DWS Municipal Income Trust,NYSE,334177935,0.000388
PNRG,PrimeEnergy Resources Corporation Common Stock,NASDAQ,334102686,0.000388
BLND,Blend Labs Inc. Class A Common Stock,NYSE,333483780,0.000387
MOBI,Mobia Medical Inc. Common Stock,NASDAQ,333243871,0.000387
FVCB,FVCBankcorp Inc. Common Stock,NASDAQ,333091766,0.000387
FLXS,Flexsteel Industries Inc. Common Stock,NASDAQ,333067717,0.000387
ZNTL,Zentalis Pharmaceuticals Inc. Common Stock,NASDAQ,332286674,0.000386
PMO,Franklin Municipal Opportunities Trust Shares of Beneficial Interest,NYSE,331660094,0.000385
RCKY,Rocky Brands Inc. Common Stock,NASDAQ,331067547,0.000385
QTTB,Q32 Bio Inc. Common Stock,NASDAQ,330441073,0.000384
CV,CapsoVision Inc. Common Stock,NASDAQ,330309626,0.000384
OPAL,OPAL Fuels Inc. Class A Common Stock,NASDAQ,330164100,0.000384
PPT,Franklin Premier Income Trust Shares of Beneficial Interest,NYSE,329438551,0.000383
BCML,BayCom Corp Common Stock,NASDAQ,328695522,0.000382
COSO,CoastalSouth Bancshares Inc. Common Stock,NYSE,328508176,0.000382
HRZN,Horizon Technology Finance Corporation Common Stock,NASDAQ,328466154,0.000382
FTW,Presidio Production Company Class A Common Stock,NYSE,327354767,0.000380
AENT,Alliance Entertainment Holding Corporation Class A Common Stock,NASDAQ,327289225,0.000380
MYGN,Myriad Genetics Inc. Common Stock,NASDAQ,327121786,0.000380
IKT,Inhibikase Therapeutics Inc. Common Stock,NASDAQ,326514006,0.000379
CLW,Clearwater Paper Corporation Common Stock,NYSE,326425943,0.000379
HLLY,Holley Inc. Common Stock,NYSE,326119845,0.000379
NREF,NexPoint Real Estate Finance Inc. Common Stock,NYSE,325882421,0.000379
SEG,Seaport Entertainment Group Inc. Common Stock,NYSE,325874596,0.000379
JMSB,John Marshall Bancorp Inc. Common Stock,NASDAQ,325284689,0.000378
FVRR,Fiverr International Ltd. Ordinary Shares no par value,NYSE,324635074,0.000377
MLP,Maui Land & Pineapple Company Inc. Common Stock,NYSE,323505635,0.000376
PINE,Alpine Income Property Trust Inc. Common Stock,NYSE,322635237,0.000375
ALIT,Alight Inc. Class A Common Stock,NYSE,322191552,0.000374
SMTI,Sanara MedTech Inc. Common Stock,NASDAQ,320846182,0.000373
CATX,Perspective Therapeutics Inc. Common Stock,AMEX,320766173,0.000373
FCCO,First Community Corporation Common Stock,NASDAQ,320530827,0.000372
GLOO,Gloo Holdings Inc. Class A Common Stock,NASDAQ,319955391,0.000372
RPAY,Repay Holdings Corporation Class A Common Stock,NASDAQ,319903903,0.000372
MCFT,MasterCraft Boat Holdings Inc. Common Stock,NASDAQ,319737040,0.000372
EBS,Emergent BioSolutions Inc. Common Stock,NYSE,319432883,0.000371
FDBC,Fidelity D & D Bancorp Inc. Common Stock,NASDAQ,318015813,0.000370
VGZ,Vista Gold Corp Common Stock,AMEX,316757821,0.000368
MGPI,MGP Ingredients Inc.,NASDAQ,316071762,0.000367
AIRJ,AirJoule Technologies Corporation Class A Common Stock,NASDAQ,313926846,0.000365
UPB,Upstream Bio Inc. Common Stock,NASDAQ,313838065,0.000365
FUND,Sprott Focus Trust Inc. Common Stock,NASDAQ,313819369,0.000365
FINS,Angel Oak Financial Strategies Income Term Trust Common Shares of Beneficial Interest,NYSE,313032349,0.000364
AGEN,Agenus Inc. Common Stock,NASDAQ,312441625,0.000363
FRD,Friedman Industries Inc. Common Stock,NASDAQ,312169594,0.000363
PTLO,Portillo's Inc. Class A Common Stock,NASDAQ,310607786,0.000361
SABS,SAB Biotherapeutics Inc. Common Stock,NASDAQ,310263515,0.000361
ABEO,Abeona Therapeutics Inc. Common Stock,NASDAQ,309651452,0.000360
CDZI,CADIZ Inc. Common Stock,NASDAQ,309071324,0.000359
CFFI,C&F Financial Corporation Common Stock,NASDAQ,308910645,0.000359
EFT,Eaton Vance Floating Rate Income Trust Common Shares of Beneficial Interest,NYSE,308067495,0.000358
VNDA,Vanda Pharmaceuticals Inc. Common Stock,NASDAQ,307755077,0.000358
ZIP,ZipRecruiter Inc. Class A Common Stock,NYSE,307525850,0.000357
NODK,NI Holdings Inc. Common Stock,NASDAQ,307091081,0.000357
LE,Lands' End Inc. Common Stock,NASDAQ,306372877,0.000356
FNKO,Funko Inc. Class A Common Stock,NASDAQ,306296840,0.000356
RCEL,Avita Medical Inc. Common Stock,NASDAQ,305557248,0.000355
RM,Regional Management Corp. Common Stock,NYSE,304358944,0.000354
CBNA,Chain Bridge Bancorp Inc. Class A Common Stock,NYSE,303943363,0.000353
LEGO,Legato Merger Corp. IV Ordinary Shares,AMEX,303070360,0.000352
MYFW,First Western Financial Inc. Common Stock,NASDAQ,302621348,0.000352
ALTO,Alto Ingredients Inc. Common Stock,NASDAQ,302513500,0.000351
MRLN,Merlin Inc. Common Stock,NASDAQ,301181996,0.000350
ISBA,Isabella Bank Corporation Common stock,NASDAQ,300272441,0.000349
MTRX,Matrix Service Company Common Stock,NASDAQ,300177282,0.000349
NC,NACCO Industries Inc. Common Stock,NYSE,299603792,0.000348
DBI,Designer Brands Inc. Class A Common Stock,NYSE,298569225,0.000347
MSB,Mesabi Trust Common Stock,NYSE,298217827,0.000347
NNBR,NN Inc. Common Stock,NASDAQ,295639493,0.000344
BPRN,Princeton Bancorp Inc. Common Stock (PA),NASDAQ,295352263,0.000343
TLS,Telos Corporation Common Stock,NASDAQ,295210317,0.000343
SLNH,Soluna Holdings Inc. Common Stock,NASDAQ,293575436,0.000341
ALCO,Alico Inc. Common Stock,NASDAQ,293478273,0.000341
TMCI,Treace Medical Concepts Inc. Common Stock,NASDAQ,293305830,0.000341
LYEL,Lyell Immunopharma Inc. Common Stock,NASDAQ,293081486,0.000341
SSP,E.W. Scripps Company (The) Class A Common Stock,NASDAQ,292834012,0.000340
GBFH,GBank Financial Holdings Inc. Common Stock,NASDAQ,292361444,0.000340
TII,Titan Mining Corporation Common Shares,AMEX,291991962,0.000339
OVLY,Oak Valley Bancorp (CA) Common Stock,NASDAQ,290574934,0.000338
CMRC,Commerce.com Inc. Series 1 Common Stock,NASDAQ,290420763,0.000337
MKTW,MarketWise Inc. Class A Common Stock,NASDAQ,290092779,0.000337
FULC,Fulcrum Therapeutics Inc. Common Stock,NASDAQ,289929577,0.000337
PMM,Franklin Managed Municipal Income Trust Shares of Beneficial Interest,NYSE,289508525,0.000336
ATLO,Ames National Corporation Common Stock,NASDAQ,287771078,0.000334
TLSI,TriSalus Life Sciences Inc. Common Stock,NASDAQ,287245509,0.000334
ONIT,Onity Group Inc. Common Stock,NYSE,286894217,0.000333
FUNC,First United Corporation Common Stock,NASDAQ,286873010,0.000333
XPER,Xperi Inc. Common Stock,NYSE,286778313,0.000333
OPTX,Syntec Optics Holdings Inc. Class A Common Stock,NASDAQ,285987134,0.000332
FRAF,Franklin Financial Services Corporation Common Stock,NASDAQ,285903440,0.000332
RCMT,RCM Technologies Inc. Common Stock,NASDAQ,285212543,0.000331
PDYN,Palladyne AI Corp. Common Stock,NASDAQ,284683203,0.000331
BDSX,Biodesix Inc. Common Stock,NASDAQ,284510897,0.000331
STRT,STRATTEC SECURITY CORPORATION Common Stock,NASDAQ,284450228,0.000331
JACK,Jack In The Box Inc. Common Stock,NASDAQ,283470497,0.000329
YDES,YD Bio Limited Ordinary Shares,NASDAQ,283325384,0.000329
PLAY,Dave & Buster's Entertainment Inc. Common Stock,NASDAQ,283179969,0.000329
FNRN,First Northern Community Bancorp Common stock,NASDAQ,282982930,0.000329
NXDT,NexPoint Diversified Real Estate Trust Common Stock,NYSE,282524064,0.000328
LDI,loanDepot Inc. Class A Common Stock,NYSE,282393464,0.000328
KLC,KinderCare Learning Companies Inc. Common Stock,NYSE,280885368,0.000326
FXNC,First National Corporation Common Stock,NASDAQ,280864057,0.000326
TTGT,TechTarget Inc. Common Stock,NASDAQ,279927394,0.000325
EMBC,Embecta Corp. Common Stock,NASDAQ,279898419,0.000325
FOSL,Fossil Group Inc. Common Stock,NASDAQ,279722986,0.000325
PAMT,PAMT CORP Common Stock,NASDAQ,279579131,0.000325
STRO,Sutro Biopharma Inc. Common Stock,NASDAQ,279558543,0.000325
ANIK,Anika Therapeutics Inc. Common Stock,NASDAQ,279168671,0.000324
KINS,Kingstone Companies Inc. Common Stock,NASDAQ,278231276,0.000323
USNA,USANA Health Sciences Inc. Common Stock,NYSE,277517541,0.000322
RWAY,Runway Growth Finance Corp. Common Stock,NASDAQ,277024465,0.000322
SAR,Saratoga Investment Corp New,NYSE,276913374,0.000322
FATE,Fate Therapeutics Inc. Common Stock,NASDAQ,276785387,0.000322
MFIN,Medallion Financial Corp. Common Stock,NASDAQ,276671000,0.000321
JAKK,JAKKS Pacific Inc. Common Stock,NASDAQ,276625940,0.000321
IMRX,Immuneering Corporation Class A Common Stock,NASDAQ,276257907,0.000321
WNEB,Western New England Bancorp Inc. Common Stock,NASDAQ,276031657,0.000321
BRR,ProCap Financial Inc. Common Stock,NASDAQ,275713074,0.000320
REFI,Chicago Atlantic Real Estate Finance Inc. Common Stock,NASDAQ,274914897,0.000319
HWBK,Hawthorn Bancshares Inc. Common Stock,NASDAQ,274854005,0.000319
BKTI,BK Technologies Corporation Common Stock,AMEX,273921499,0.000318
HCKT,Hackett Group Inc (The). Common Stock,NASDAQ,273159046,0.000317
NKSH,National Bankshares Inc. Common Stock,NASDAQ,272917361,0.000317
LCNB,LCNB Corporation Common Stock,NASDAQ,272412821,0.000317
QNBC,QNB Corp. Common Stock,NASDAQ,271884076,0.000316
RC,Ready Capital Corporation Common Stock,NYSE,270913227,0.000315
LAB,Standard BioTools Inc. Common Stock,NASDAQ,270879378,0.000315
ESCA,Escalade Incorporated Common Stock,NASDAQ,268576104,0.000312
ALXO,ALX Oncology Holdings Inc. Common Stock,NASDAQ,268257374,0.000312
PCYO,Pure Cycle Corporation Common Stock,NASDAQ,267962754,0.000311
PYXS,Pyxis Oncology Inc. Common Stock,NASDAQ,267739841,0.000311
VABK,Virginia National Bankshares Corporation Common Stock,NASDAQ,267032380,0.000310
CAMP,CAMP4 Therapeutics Corporation Common Stock,NASDAQ,266701100,0.000310
BRT,BRT Apartments Corp. (MD) Common Stock,NYSE,266676601,0.000310
RMBI,Richmond Mutual Bancorporation Inc. Common Stock,NASDAQ,266468831,0.000310
TBI,TrueBlue Inc. Common Stock,NYSE,266388010,0.000310
EGHT,8x8 Inc Common Stock,NASDAQ,265761322,0.000309
AVNW,Aviat Networks Inc. Common Stock,NASDAQ,265375903,0.000308
RILY,BRC Group Holdings Inc. Common Stock,NASDAQ,265318383,0.000308
TRDA,Entrada Therapeutics Inc. Common Stock,NASDAQ,264769349,0.000308
LAW,CS Disco Inc. Common Stock,NYSE,264223444,0.000307
FOA,Finance of America Companies Inc. Class A Common Stock,NYSE,264103141,0.000307
AKBA,Akebia Therapeutics Inc. Common Stock,NASDAQ,263722013,0.000306
LTBR,Lightbridge Corporation Common Stock,NASDAQ,262955799,0.000306
GENC,Gencor Industries Inc. Common Stock,AMEX,262812597,0.000305
FHTX,Foghorn Therapeutics Inc. Common Stock,NASDAQ,262483092,0.000305
ASYS,Amtech Systems Inc. Common Stock,NASDAQ,261045786,0.000303
GWRS,Global Water Resources Inc. Common Stock,NASDAQ,260649328,0.000303
DUOT,Duos Technologies Group Inc. Common Stock,NASDAQ,259962842,0.000302
ARL,American Realty Investors Inc. Common Stock,NYSE,259724851,0.000302
RELL,Richardson Electronics Ltd. Common Stock,NASDAQ,259677888,0.000302
PMTS,CPI Card Group Inc. Common Stock,NASDAQ,259440053,0.000301
ASLE,AerSale Corporation Common Stock,NASDAQ,259156323,0.000301
SMHI,SEACOR Marine Holdings Inc. Common Stock,NYSE,258575832,0.000300
OFLX,Omega Flex Inc. Common Stock,NASDAQ,258212757,0.000300
CPZ,Calamos Long/Short Equity & Dynamic Income Trust Common Stock,NASDAQ,256298293,0.000298
BGS,B&G Foods Inc. Common Stock,NYSE,256018364,0.000297
LCTX,Lineage Cell Therapeutics Inc. Common Stock,AMEX,255436539,0.000297
FBLA,FB Bancorp Inc. Common Stock,NASDAQ,254851884,0.000296
MGNX,MacroGenics Inc. Common Stock,NASDAQ,254800748,0.000296
GPRO,GoPro Inc. Class A Common Stock,NASDAQ,254616084,0.000296
NSLR,Neostellar Capital Corp. Common Stock,NASDAQ,254407663,0.000296
EOT,Eaton Vance Municipal Income Trust EATON VANCE NATIONAL MUNICIPAL OPPORTUNITIES TRUST,NYSE,253592468,0.000295
PPIH,Perma-Pipe International Holdings Inc. Common Stock,NASDAQ,253312983,0.000294
TSSI,TSS Inc. Common Stock,NASDAQ,251996295,0.000293
III,Information Services Group Inc. Common Stock,NASDAQ,251265868,0.000292
USAU,U.S. Gold Corp. Common Stock,NASDAQ,251197678,0.000292
RXST,RxSight Inc. Common Stock,NASDAQ,250391401,0.000291
TG,Tredegar Corporation Common Stock,NYSE,250200214,0.000291
RNAC,Cartesian Therapeutics Inc. Common Stock,NASDAQ,247791333,0.000288
POWW,Outdoor Holding Company Common Stock,NASDAQ,247209783,0.000287
EFSI,Eagle Financial Services Inc Common Stock,NASDAQ,246336715,0.000286
IMMR,Immersion Corporation Common Stock,NASDAQ,245620067,0.000285
ZUMZ,Zumiez Inc. Common Stock,NASDAQ,245490728,0.000285
ALMU,Aeluma Inc. Common Stock,NASDAQ,245474542,0.000285
LTRX,Lantronix Inc. Common Stock,NASDAQ,244735835,0.000284
INBK,First Internet Bancorp Common Stock,NASDAQ,244540072,0.000284
CNDT,Conduent Incorporated Common Stock,NASDAQ,244167656,0.000284
CYPH,Cypherpunk Technologies Inc. Common Stock,NASDAQ,244086325,0.000284
ASUR,Asure Software Inc Common Stock,NASDAQ,244030322,0.000284
CHPT,ChargePoint Holdings Inc. Common Stock,NYSE,243263935,0.000283
AVXL,Anavex Life Sciences Corp. Common Stock,NASDAQ,242865726,0.000282
PEBK,Peoples Bancorp of North Carolina Inc. Common Stock,NASDAQ,242162467,0.000281
INFU,InfuSystems Holdings Inc. Common Stock,AMEX,241993749,0.000281
SBMT,Silver Bow Mining Corp. Common Shares,AMEX,240952560,0.000280
SNFCA,Security National Financial Corporation Class A Common Stock,NASDAQ,240646370,0.000280
NAGE,Niagen Bioscience Inc. Common Stock,NASDAQ,240543046,0.000279
FF,FutureFuel Corp.  Common shares,NYSE,239932349,0.000279
ACRE,Ares Commercial Real Estate Corporation Common Stock,NYSE,239678408,0.000278
ALEC,Alector Inc. Common Stock,NASDAQ,238945807,0.000278
NATR,Nature's Sunshine Products Inc. Common Stock,NASDAQ,238419296,0.000277
APC,ARKO Petroleum Corp. Class A Common Stock,NASDAQ,237828619,0.000276
AIAI,AIAI Holdings Corporation Class A Common Stock,NASDAQ,237426877,0.000276
MBI,MBIA Inc. Common Stock,NYSE,236716300,0.000275
LMNR,Limoneira Co Common Stock,NASDAQ,236532031,0.000275
NUS,Nu Skin Enterprises Inc. Common Stock,NYSE,236081675,0.000274
BAFN,BayFirst Financial Corp. Common Stock,NASDAQ,235924631,0.000274
KGEI,Kolibri Global Energy Inc. Common stock,NASDAQ,234678739,0.000273
WHWK,Whitehawk Therapeutics Inc. Common Stock,NASDAQ,234307031,0.000272
ANNA,AleAnna Inc. Class A Common Stock,NASDAQ,234270400,0.000272
LVWR,LiveWire Group Inc. Common Stock,NYSE,234170201,0.000272
MRBK,Meridian Corporation Common Stock,NASDAQ,233928631,0.000272
PNNT,PennantPark Investment Corporation Common Stock,NYSE,233760017,0.000272
SCM,Stellus Capital Investment Corporation Common Stock,NYSE,232965885,0.000271
ACU,Acme United Corporation. Common Stock,AMEX,232789733,0.000270
IVVD,Invivyd Inc. Common Stock,NASDAQ,231532995,0.000269
LIEN,Chicago Atlantic BDC Inc. Common Stock,NASDAQ,231400783,0.000269
STIM,Neuronetics Inc. Common Stock,NASDAQ,230877583,0.000268
MVST,Microvast Holdings Inc. Common Stock,NASDAQ,229759355,0.000267
FTF,Franklin Limited Duration Income Trust Common Shares of Beneficial Interest,AMEX,229502524,0.000267
TBCH,Turtle Beach Corporation Common Stock,NASDAQ,229423398,0.000267
OPBK,OP Bancorp Common Stock,NASDAQ,229364966,0.000267
OSS,One Stop Systems Inc. Common Stock,NASDAQ,229199795,0.000266
AREC,American Resources Corporation Class A Common Stock,NASDAQ,228918522,0.000266
AIRO,AIRO Group Holdings Inc. Common Stock,NASDAQ,228780398,0.000266
ELMD,Electromed Inc. Common Stock,AMEX,227977942,0.000265
NCMI,National CineMedia Inc. Common Stock,NASDAQ,227650472,0.000265
HDSN,Hudson Technologies Inc. Common Stock,NASDAQ,227488597,0.000264
SVCO,Silvaco Group Inc. Common Stock,NASDAQ,227373436,0.000264
CMTV,Community Bancorp. Common Stock,NASDAQ,226780522,0.000264
GLSI,Greenwich LifeSciences Inc. Common Stock,NASDAQ,226778314,0.000263
ELDN,Eledon Pharmaceuticals Inc. Common Stock,NASDAQ,225906003,0.000262
TARA,Protara Therapeutics Inc.  Common Stock,NASDAQ,225744764,0.000262
CFBK,CF Bankshares Inc. Common Stock,NASDAQ,225697712,0.000262
ECC,Eagle Point Credit Company Common Share of Beneficial Interest,NYSE,224451339,0.000261
OSUR,OraSure Technologies Inc. Common Stock,NASDAQ,224148038,0.000260
CURV,Torrid Holdings Inc. Common Stock,NYSE,223920857,0.000260
FORR,Forrester Research Inc. Common Stock,NASDAQ,223708250,0.000260
SRZN,Surrozen Inc. Common Stock,NASDAQ,223317602,0.000259
RAIL,FreightCar America Inc. Common Stock,NASDAQ,223308617,0.000259
HQI,HireQuest Inc. Common Stock (DE),NASDAQ,223095000,0.000259
SPOK,Spok Holdings Inc. Common Stock,NASDAQ,222778159,0.000259
GLDG,GoldMining Inc. Common Shares,AMEX,222670446,0.000259
RICK,RCI Hospitality Holdings Inc. Common Stock,NASDAQ,222378505,0.000258
SMRT,SmartRent Inc. Class A Common Stock,NYSE,222269687,0.000258
RGCO,RGC Resources Inc. Common Stock,NASDAQ,222144934,0.000258
UTMD,Utah Medical Products Inc. Common Stock,NASDAQ,221943953,0.000258
AMWL,American Well Corporation Class A Common Stock,NYSE,221113854,0.000257
SND,Smart Sand Inc. Common Stock,NASDAQ,220899108,0.000257
OVBC,Ohio Valley Banc Corp. Common Stock,NASDAQ,219956637,0.000256
KROS,Keros Therapeutics Inc. Common Stock,NASDAQ,219685243,0.000255
RDNW,RideNow Group Inc. Class B Common Stock,NASDAQ,219632425,0.000255
BMEZ,BlackRock Health Sciences Term Trust Common Shares of Beneficial Interest,NYSE,219328146,0.000255
REA,Rare Earths Americas Inc. Common Stock,AMEX,218694656,0.000254
OSG,Octave Specialty Group Inc. Common Stock,NYSE,218049192,0.000253
SIGA,SIGA Technologies Inc. Common Stock,NASDAQ,217704639,0.000253
NEOV,NeoVolta Inc. Common Stock,NASDAQ,216616749,0.000252
KLTR,Kaltura Inc. Common Stock,NASDAQ,215097224,0.000250
VUZI,Vuzix Corporation Common Stock,NASDAQ,214412144,0.000249
LODE,Comstock Inc. Common Stock,AMEX,214300393,0.000249
BRCC,BRC Inc. Class A Common Stock,NYSE,214246066,0.000249
QMLS,QumulusAI Inc. Common Stock,NASDAQ,213799911,0.000248
EU,enCore Energy Corp. Common Shares,NASDAQ,213709068,0.000248
CMTG,Claros Mortgage Trust Inc. Common Stock,NYSE,213037151,0.000248
ESOA,Energy Services of America Corporation Common Stock,NASDAQ,212341480,0.000247
ABOS,Acumen Pharmaceuticals Inc. Common Stock,NASDAQ,211166472,0.000245
CZWI,Citizens Community Bancorp Inc. Common Stock,NASDAQ,211147054,0.000245
CMT,Core Molding Technologies Inc Common Stock,AMEX,210164558,0.000244
TPVG,TriplePoint Venture Growth BDC Corp. Common Stock,NYSE,210062171,0.000244
FCAP,First Capital Inc. Common Stock,NASDAQ,209540756,0.000243
CUE,Cue Biopharma Inc. Common Stock,NASDAQ,208779258,0.000243
MITT,TPG Mortgage Investment Trust Inc. Common Stock,NYSE,208630796,0.000242
NKTX,Nkarta Inc. Common Stock,NASDAQ,208428142,0.000242
SRI,Stoneridge Inc. Common Stock,NYSE,207361294,0.000241
PEPG,PepGen Inc. Common Stock,NASDAQ,206393361,0.000240
CHCI,Comstock Holding Companies Inc. Class A Common Stock,NASDAQ,206358777,0.000240
CHRS,Coherus Oncology Inc. Common Stock,NASDAQ,205486285,0.000239
MINE,Mayfair Gold Corp. Common Shares,AMEX,204772413,0.000238
EVI,EVI Industries Inc.  Common Stock,AMEX,204768659,0.000238
MPAA,Motorcar Parts  of America Inc. Common Stock,NASDAQ,204667968,0.000238
AMPY,Amplify Energy Corp. Common Stock,NYSE,204380299,0.000237
ANTX,AN2 Therapeutics Inc. Common Stock,NASDAQ,204153042,0.000237
DERM,Journey Medical Corporation Common Stock,NASDAQ,204062376,0.000237
LOVE,The Lovesac Company Common Stock,NASDAQ,203620394,0.000237
TNXP,Tonix Pharmaceuticals Holding Corp. Common Stock,NASDAQ,203582655,0.000237
KRRO,Korro Bio Inc. Common Stock,NASDAQ,203361171,0.000236
FC,Franklin Covey Company Common Stock,NYSE,202837959,0.000236
XPOF,Xponential Fitness Inc. Class A Common Stock,NYSE,202721640,0.000236
SIDU,Sidus Space Inc. Class A Common Stock,NASDAQ,202450652,0.000235
PDEX,Pro-Dex Inc. Common Stock,NASDAQ,201185392,0.000234
RBKB,Rhinebeck Bancorp Inc. Common Stock,NASDAQ,200453084,0.000233
ARMP,Armata Pharmaceuticals Inc. Common Stock,AMEX,200039047,0.000232
SGC,Superior Group of Companies Inc. Common Stock,NASDAQ,199793369,0.000232
LARK,Landmark Bancorp Inc. Common Stock,NASDAQ,198267355,0.000230
QUIK,QuickLogic Corporation Common Stock,NASDAQ,198197958,0.000230
NERV,Minerva Neurosciences Inc Common Stock,NASDAQ,198152370,0.000230
BNC,CEA Industries Inc. Common Stock,NASDAQ,198066480,0.000230
DTIL,Precision BioSciences Inc. Common Stock,NASDAQ,197903142,0.000230
AOUT,American Outdoor Brands Inc. Common Stock,NASDAQ,197900808,0.000230
USDE,StablecoinX Inc. Class A Common Stock,NASDAQ,197378557,0.000229
ETX,Eaton Vance Municipal Income 2028 Term Trust Common Shares of Beneficial Interest,NYSE,197344252,0.000229
PED,Pedevco Corp. Common Stock,AMEX,197253473,0.000229
LCUT,Lifetime Brands Inc. Common Stock,NASDAQ,197244213,0.000229
EXFY,Expensify Inc. Class A Common Stock,NASDAQ,196963194,0.000229
SES,SES AI Corporation Class A Common Stock,NYSE,196856579,0.000229
DHX,DHI Group Inc. Common Stock,NYSE,196711581,0.000229
VYGR,Voyager Therapeutics Inc. Common Stock,NASDAQ,196561254,0.000228
GSIT,GSI Technology Common Stock,NASDAQ,196390535,0.000228
STRW,Strawberry Fields REIT Inc. Common Stock,AMEX,195654384,0.000227
NMRA,Neumora Therapeutics Inc. Common Stock,NASDAQ,195411748,0.000227
TAYD,Taylor Devices Inc. Common Stock,NASDAQ,193457393,0.000225
FLWS,1-800-FLOWERS.COM Inc. Common Stock,NASDAQ,193256926,0.000225
CEPL,Capstone Energy Plus Inc. Common Stock,NASDAQ,192082259,0.000223
ALTG,Alta Equipment Group Inc. Class A Common Stock,NYSE,192081207,0.000223
EPSN,Epsilon Energy Ltd. Common Share,NASDAQ,191999159,0.000223
ORGO,Organogenesis Holdings Inc. Class A Common Stock,NASDAQ,191725077,0.000223
ANGI,Angi Inc. Class A Common Stock,NASDAQ,191425505,0.000222
ESP,Espey Mfg. & Electronics Corp. Common Stock,AMEX,190810272,0.000222
CXDO,Crexendo Inc. Common Stock,NASDAQ,190211679,0.000221
USBC,USBC Inc. Common Stock,AMEX,189763811,0.000220
CBFV,CB Financial Services Inc. Common Stock,NASDAQ,189339820,0.000220
FT,Franklin Universal Trust Common Stock,NYSE,189243162,0.000220
HNVR,Hanover Bancorp Inc. Common Stock,NASDAQ,188944255,0.000220
AOMR,Angel Oak Mortgage REIT Inc. Common Stock,NYSE,188040504,0.000218
FNWD,Finward Bancorp Common Stock,NASDAQ,187055696,0.000217
SSTK,Shutterstock Inc. Common Stock,NYSE,186216327,0.000216
ECBK,ECB Bancorp Inc. Common Stock,NASDAQ,185326659,0.000215
NUCL,Eagle Nuclear Energy Corp. Common stock,NASDAQ,185169535,0.000215
FINW,FinWise Bancorp Common Stock,NASDAQ,185056124,0.000215
DVLT,Datavault AI Inc. Common Stock,NASDAQ,184722214,0.000215
SKYX,SKYX Platforms Corp. Common Stock,NASDAQ,182831842,0.000212
ACR,ACRES Commercial Realty Corp. Common Stock,NYSE,182415751,0.000212
MPV,Barings Participation Investors Common Stock,NYSE,182349240,0.000212
SBFG,SB Financial Group Inc. Common Stock,NASDAQ,182212187,0.000212
EXOD,Exodus Movement Inc. Class A Common Stock,AMEX,181521581,0.000211
CIA,Citizens Inc. Class A Common Stock ($1.00 Par),NYSE,181302327,0.000211
DOMO,Domo Inc. Class B Common Stock,NASDAQ,180148497,0.000209
MNSB,MainStreet Bancshares Inc. Common Stock,NASDAQ,179878380,0.000209
WHG,Westwood Holdings Group Inc Common Stock,NYSE,179315826,0.000208
ONEW,OneWater Marine Inc. Class A Common Stock,NASDAQ,178822092,0.000208
JELD,JELD-WEN Holding Inc. Common Stock,NYSE,178732567,0.000208
EBMT,Eagle Bancorp Montana Inc. Common Stock,NASDAQ,178425654,0.000207
MRT,Marti Technologies Inc. Class A Ordinary Shares,AMEX,178108443,0.000207
RNA,Atrium Therapeutics Inc. Common Stock,NASDAQ,177214461,0.000206
BVFL,BV Financial Inc. Common Stock,NASDAQ,177205036,0.000206
DLTH,Duluth Holdings Inc. Class B Common Stock,NASDAQ,176723255,0.000205
UIS,Unisys Corporation New Common Stock,NYSE,176456611,0.000205
GCTS,GCT Semiconductor Holding Inc. Common Stock,NYSE,175662177,0.000204
BYND,Beyond Meat Inc. Common Stock,NASDAQ,175550393,0.000204
VLN,Valens Semiconductor Ltd. Ordinary Shares,NYSE,174785882,0.000203
AIRS,AirSculpt Technologies Inc. Common Stock,NASDAQ,174470406,0.000203
MRDN,Meridian Holdings Inc. Common Stock,NASDAQ,173698557,0.000202
EAF,GrafTech International Ltd. Common Stock,NYSE,171686439,0.000199
LEE,Lee Enterprises Incorporated Common Stock,NASDAQ,171425818,0.000199
XGN,Exagen Inc. Common Stock,NASDAQ,170304133,0.000198
SAFX,XCF Global Inc. Class A Common Stock,NASDAQ,168828695,0.000196
WALD,Waldencast plc Class A Ordinary Share,NASDAQ,168467196,0.000196
CNTN,Canton Strategic Holdings Inc. Common Stock,NASDAQ,168127672,0.000195
SEVN,Seven Hills Realty Trust Common Stock,NASDAQ,167885450,0.000195
GNT,GAMCO Natural Resources Gold & Income Trust,NYSE,167756986,0.000195
AP,Ampco-Pittsburgh Corporation Common Stock,NYSE,167541416,0.000195
TONX,TON Strategy Company Common Stock,NASDAQ,167418847,0.000195
GRX,The Gabelli Healthcare & Wellness Trust Common Shares of Beneficial Interest,NYSE,166143698,0.000193
FIRY,Firy Inc. Class A Common Stock,NYSE,165391457,0.000192
ZSQR,Z Squared Inc. Common Stock,NASDAQ,162711219,0.000189
EARN,Ellington Credit Company Common Shares of Beneficial Interest,NYSE,162255722,0.000189
QSI,Quantum-Si Incorporated Class A Common Stock,NASDAQ,161974095,0.000188
ATOM,Atomera Incorporated Common Stock,NASDAQ,161949774,0.000188
NLOP,Net Lease Office Properties Common Shares of Beneficial Interest,NYSE,161028995,0.000187
OTLK,Outlook Therapeutics Inc. Common Stock,NASDAQ,160675386,0.000187
CDXS,Codexis Inc. Common Stock,NASDAQ,160425946,0.000186
LUCD,Lucid Diagnostics Inc. Common Stock,NASDAQ,159119704,0.000185
CURI,CuriosityStream Inc. Class A Common Stock,NASDAQ,157839154,0.000183
HUMA,Humacyte Inc. Common Stock,NASDAQ,157678204,0.000183
DFDV,DeFi Development Corp. Common Stock,NASDAQ,157468773,0.000183
DOUG,Douglas Elliman Inc. Common Stock,NYSE,157240518,0.000183
CRBP,Corbus Pharmaceuticals Holdings Inc. Common Stock,NASDAQ,157051299,0.000182
LFCR,Lifecore Biomedical Inc. Common Stock,NASDAQ,155954607,0.000181
IMUX,Immunic Inc. Common Stock,NASDAQ,155819813,0.000181
BCBP,BCB Bancorp Inc. (NJ) Common Stock,NASDAQ,155313633,0.000180
PIM,Franklin Master Intermediate Income Trust Shares of Beneficial Interest,NYSE,154780454,0.000180
SRBK,SR Bancorp Inc. Common stock,NASDAQ,154640598,0.000180
SPRB,Spruce Biosciences Inc. Common Stock,NASDAQ,154334498,0.000179
BSET,Bassett Furniture Industries Incorporated Common Stock,NASDAQ,153164779,0.000178
DH,Definitive Healthcare Corp. Class A Common Stock,NASDAQ,152218548,0.000177
WHF,WhiteHorse Finance Inc. Common Stock,NASDAQ,151194356,0.000176
XHLD,TEN Holdings Inc. Common Stock,NASDAQ,150077361,0.000174
GRO,Brazil Potash Corp. Common Shares,AMEX,149290378,0.000173
TUSK,Mammoth Energy Services Inc. Common Stock,NASDAQ,149195514,0.000173
SJT,San Juan Basin Royalty Trust Common Stock,NYSE,149148147,0.000173
BANX,ArrowMark Financial Corp. Common Stock,NASDAQ,148906554,0.000173
RRGB,Red Robin Gourmet Burgers Inc. Common Stock,NASDAQ,148772528,0.000173
SITC,SITE Centers Corp. Common Stock,NYSE,147980456,0.000172
WW,WW International Inc.  Common Stock,NASDAQ,147781673,0.000172
ELME,Elme Communities Common Stock,NYSE,147504086,0.000171
UNCY,Unicycive Therapeutics Inc. Common Stock,NASDAQ,147354310,0.000171
EML,Eastern Company (The) Common Stock,NASDAQ,147309820,0.000171
NRXP,NRX Pharmaceuticals Inc. Common Stock,NASDAQ,147205608,0.000171
LFMD,LifeMD Inc. Common Stock,NASDAQ,147012553,0.000171
NINE,Nine Energy Service Inc. Common Stock,AMEX,146614395,0.000170
NAKA,Nakamoto Inc. Common Stock,NASDAQ,146559583,0.000170
INTT,inTest Corporation Common Stock,AMEX,146470476,0.000170
ONL,Orion Properties Inc. Common Stock,NYSE,146034468,0.000170
KRMD,KORU Medical Systems Inc. Common Stock (DE),NASDAQ,145903210,0.000170
DIBS,1stdibs.com Inc. Common Stock,NASDAQ,145554219,0.000169
TRAK,ReposiTrak Inc. Common Stock,NYSE,145388520,0.000169
AMTX,Aemetis Inc. (DE) Common Stock,NASDAQ,145060884,0.000169
LSBK,Lake Shore Bancorp Inc. Common Stock,NASDAQ,144666775,0.000168
BRLT,Brilliant Earth Group Inc. Class A Common Stock,NASDAQ,144588369,0.000168
EGAN,eGain Corporation Common Stock,NASDAQ,144387426,0.000168
OXSQ,Oxford Square Capital Corp. Common Stock,NASDAQ,144328419,0.000168
TNYA,Tenaya Therapeutics Inc. Common Stock,NASDAQ,143507208,0.000167
GGZ,Gabelli Global Small and Mid Cap Value Trust (The) Common Shares of Beneficial Interest,NYSE,142483790,0.000166
SHIM,Shimmick Corporation Common Stock,NASDAQ,142195231,0.000165
LENZ,LENZ Therapeutics Inc. Common Stock,NASDAQ,142019950,0.000165
HURC,Hurco Companies Inc. Common Stock,NASDAQ,141119056,0.000164
INGN,Inogen Inc Common Stock,NASDAQ,140918569,0.000164
TLYS,Tilly's Inc. Common Stock,NYSE,140701419,0.000163
HOFT,Hooker Furnishings Corporation Common Stock,NASDAQ,137815370,0.000160
COOK,Traeger Inc. Common Stock,NYSE,137672621,0.000160
IMDX,Insight Molecular Diagnostics Inc. Common Stock,NASDAQ,137441993,0.000160
TP,Ticketplus Ltd. Ordinary Shares,AMEX,137427048,0.000160
OPRX,OptimizeRx Corporation Common Stock,NASDAQ,137314083,0.000160
OWLT,Owlet Inc. Class A Common Stock,NYSE,137049665,0.000159
RGP,Resources Connection Inc. Common Stock,NASDAQ,136741195,0.000159
PLBY,Playboy Inc. Common Stock,NASDAQ,136580764,0.000159
QVCG,QVC Group Inc. Common Stock,NASDAQ,136385619,0.000158
CRBU,Caribou Biosciences Inc. Common Stock,NASDAQ,136153542,0.000158
PAL,Proficient Auto Logistics Inc. Common Stock,NASDAQ,136056677,0.000158
CLAR,Clarus Corporation Common Stock,NASDAQ,135922950,0.000158
AUC,ATIF Holdings Limited Ordinary Shares,NASDAQ,135193611,0.000157
ACNT,Ascent Industries Co. Common Stock,NASDAQ,135141795,0.000157
SIF,SIFCO Industries Inc. Common Stock,AMEX,134776458,0.000157
MED,MEDIFAST INC Common Stock,NYSE,134615664,0.000156
INSE,Inspired Entertainment Inc. Common Stock,NASDAQ,134427697,0.000156
HSDT,Solana Company Class A Common Stock (DE),NASDAQ,134218321,0.000156
EQ,Equillium Inc. Common Stock,NASDAQ,133791053,0.000155
EPM,Evolution Petroleum Corporation Inc. Common Stock,AMEX,133733416,0.000155
HYNE,Hoyne Bancorp Inc. Common Stock,NASDAQ,133275599,0.000155
FGBI,First Guaranty Bancshares Inc. Common Stock,NASDAQ,131485797,0.000153
KVHI,KVH Industries Inc. Common Stock,NASDAQ,131159155,0.000152
BOOM,DMC Global Inc. Common Stock,NASDAQ,130640436,0.000152
HURA,TuHURA Biosciences Inc. Common Stock,NASDAQ,130639565,0.000152
SMID,Smith-Midland Corporation Common Stock,NASDAQ,129909801,0.000151
NAUT,Nautilus Biotechnology Inc. Common Stock,NASDAQ,129800327,0.000151
AGPU,Axe Compute Inc. Common Stock,NASDAQ,129472855,0.000150
OCC,Optical Cable Corporation Common Stock,NASDAQ,129270391,0.000150
STXS,Stereotaxis Inc. Common Stock,AMEX,129260810,0.000150
INO,Inovio Pharmaceuticals Inc. Common Stock,NASDAQ,129246898,0.000150
BEBE,TGE Value Creative Solutions Corp Class A Ordinary Shares,NYSE,129086100,0.000150
CVGI,Commercial Vehicle Group Inc. Common Stock,NASDAQ,128805602,0.000150
LGCY,Legacy Education Inc. Common Stock,AMEX,128418186,0.000149
HCAT,Health Catalyst Inc Common Stock,NASDAQ,127935848,0.000149
BHR,Braemar Hotels & Resorts Inc. Common Stock,NYSE,127743531,0.000148
VTVT,vTv Therapeutics Inc. Class A Common Stock,NASDAQ,126407078,0.000147
BMEA,Biomea Fusion Inc. Common Stock,NASDAQ,126121902,0.000147
UFI,Unifi Inc. New Common Stock,NYSE,125660538,0.000146
MGYR,Magyar Bancorp Inc. Common Stock,NASDAQ,125557199,0.000146
OKUR,OnKure Therapeutics Inc. Class A Common Stock,NASDAQ,125538558,0.000146
BOTJ,Bank of the James Financial Group Inc. Common Stock,NASDAQ,124805495,0.000145
HDRN,Hadron Energy Inc. Common Stock,NASDAQ,124050491,0.000144
JHS,John Hancock Income Securities Trust Common Stock,NYSE,123453801,0.000143
SFBC,Sound Financial Bancorp Inc. Common Stock,NASDAQ,123266064,0.000143
APYX,Apyx Medical Corporation Common Stock,NASDAQ,122159667,0.000142
AXR,AMREP Corporation Common Stock,NYSE,122152036,0.000142
QTRX,Quanterix Corporation Common Stock,NASDAQ,121070246,0.000141
CABO,Cable One Inc. Common Stock,NYSE,120911342,0.000140
NRDY,Nerdy Inc. Class A Common Stock,NYSE,120841974,0.000140
WSBK,Winchester Bancorp Inc. Common Stock,NASDAQ,120468073,0.000140
CITR,CitroTech Inc. Common Stock,AMEX,120435551,0.000140
CBUS,Cibus Inc. Class A Common Stock,NASDAQ,119993473,0.000139
MXCT,MaxCyte Inc. Common Stock,NASDAQ,119719199,0.000139
AKA,a.k.a. Brands Holding Corp. Common Stock,NYSE,119472811,0.000139
CNXU,Conexeu Sciences Inc. Common Stock,NASDAQ,119342152,0.000139
RFL,Rafael Holdings Inc. Class B Common Stock,NYSE,118559991,0.000138
TISI,Team Inc. Common Stock,NYSE,118521785,0.000138
SAMG,Silvercrest Asset Management Group Inc. Class A Common Stock,NASDAQ,117885282,0.000137
UNB,Union Bankshares Inc. Common Stock,NASDAQ,117464365,0.000136
RANI,Rani Therapeutics Holdings Inc. Class A Common Stock,NASDAQ,117454496,0.000136
RYDE,Ryde Group Ltd. Class A Ordinary Shares,AMEX,117147099,0.000136
PNBK,Patriot National Bancorp Inc. Common Stock,NASDAQ,116367356,0.000135
PROV,Provident Financial Holdings Inc. Common Stock,NASDAQ,116138638,0.000135
BEEP,Mobile Infrastructure Corporation Common Stock,NASDAQ,115640000,0.000134
BSBK,Bogota Financial Corp. Common Stock,NASDAQ,115489883,0.000134
HOVNP,Hovnanian Enterprises Inc Dep Shr Srs A Pfd,NASDAQ,115025877,0.000134
VANI,Vivani Medical Inc. Common Stock (DE),NASDAQ,114558262,0.000133
USGO,U.S. GoldMining Inc. Common stock,NASDAQ,114531606,0.000133
OPHC,OptimumBank Holdings Inc. Common Stock,AMEX,114485803,0.000133
FLYX,flyExclusive Inc. Class A Common Stock,AMEX,114331558,0.000133
BDTX,Black Diamond Therapeutics Inc. Common Stock,NASDAQ,113758419,0.000132
PZG,Paramount Gold Nevada Corp. Common Stock,AMEX,113235383,0.000132
GLU,Gabelli Global Utility Common Shares of Beneficial Ownership,AMEX,113111460,0.000131
CODA,Coda Octopus Group Inc. Common stock,NASDAQ,113033155,0.000131
GNLX,Genelux Corporation Common Stock,NASDAQ,112660884,0.000131
STHO,Star Holdings Shares of Beneficial Interest,NASDAQ,112477210,0.000131
GOAI,Eva Live Inc. Common Stock,NASDAQ,112383533,0.000131
DMRC,Digimarc Corporation Common Stock,NASDAQ,112376645,0.000131
AARD,Aardvark Therapeutics Inc. Common Stock,NASDAQ,112269260,0.000130
RTB,RTB Digital Inc. Common Stock,NASDAQ,112099991,0.000130
RFIL,RF Industries Ltd. Common Stock,NASDAQ,111985055,0.000130
FURY,Fury Gold Mines Limited Common Shares,AMEX,111607598,0.000130
OESX,Orion Energy Systems Inc. Common Stock,NASDAQ,111433044,0.000129
HOVR,New Horizon Aircraft Ltd. Class A Ordinary Share,NASDAQ,111425742,0.000129
JYNT,The Joint Corp. Common Stock,NASDAQ,111023759,0.000129
SIEB,Siebert Financial Corp. Common Stock,NASDAQ,110972527,0.000129
GGT,Gabelli Multi-Media Trust Inc. (The) Common Stock,NYSE,110969077,0.000129
JHI,John Hancock Investors Trust Common Stock,NYSE,110268738,0.000128
KULR,KULR Technology Group Inc. Common Stock,AMEX,110147166,0.000128
BYFC,Broadway Financial Corporation Class A Common Stock,NASDAQ,109950758,0.000128
WRAP,Wrap Technologies Inc. Common Stock,NASDAQ,108488641,0.000126
WYY,WidePoint Corporation Common Stock,AMEX,108281102,0.000126
SRG,Seritage Growth Properties Class A Common Stock,NYSE,108143245,0.000126
SEER,Seer Inc. Class A Common Stock,NASDAQ,107975429,0.000125
RVSB,Riverview Bancorp Inc Common Stock,NASDAQ,107859280,0.000125
GETY,Getty Images Holdings Inc. Class A Common Stock,NYSE,107850940,0.000125
FJET,Starfighters Space Inc. Common Stock,AMEX,107242237,0.000125
LPA,Logistic Properties of the Americas Ordinary Shares,AMEX,106868215,0.000124
CHMI,Cherry Hill Mortgage Investment Corporation Common Stock,NYSE,106039021,0.000123
PMVP,PMV Pharmaceuticals Inc. Common Stock,NASDAQ,105721605,0.000123
AIB,AIB Data Centers Inc. Common Stock,AMEX,105611458,0.000123
SPWR,SunPower Inc. Common Stock,NASDAQ,105018731,0.000122
VERI,Veritone Inc. Common Stock,NASDAQ,104475351,0.000121
DWSN,Dawson Geophysical Company Common Stock,NASDAQ,104346876,0.000121
EP,Empire Petroleum Corporation Common Stock,AMEX,103993353,0.000121
AMPG,Amplitech Group Inc. Common Stock,NASDAQ,103951849,0.000121
COYA,Coya Therapeutics Inc. Common Stock,NASDAQ,102745379,0.000119
VENU,Venu Holding Corporation Common Stock,AMEX,102432650,0.000119
TRT,Trio-Tech International Common Stock,AMEX,102137250,0.000119
GUTS,Fractyl Health Inc. Common Stock,NASDAQ,101875103,0.000118
PUSA,Aureus Greenway Holdings Inc. Common Stock,NASDAQ,101175510,0.000118
PLYX,Polaryx Therapeutics Inc. Common Stock,NASDAQ,100190446,0.000116
LAKE,Lakeland Industries Inc. Common Stock,NASDAQ,100107968,0.000116
AEYE,AudioEye Inc. Common Stock,NASDAQ,99677515,0.000116
FNWB,First Northwest Bancorp Common Stock,NASDAQ,99396377,0.000115
KEQU,Kewaunee Scientific Corporation Common Stock,NASDAQ,98885337,0.000115
SUNS,Sunrise Realty Trust Inc. Common Stock,NASDAQ,98260237,0.000114
PARK,Park Dental Partners Inc. Common Stock,NASDAQ,97911256,0.000114
VIRC,Virco Manufacturing Corporation Common Stock,NASDAQ,97735653,0.000114
VATE,INNOVATE Corp. Common Stock,NYSE,97675761,0.000113
FLNT,Fluent Inc. Common Stock,NASDAQ,97665896,0.000113
BUDA,Buda Juice Inc. Common Stock,AMEX,97517328,0.000113
ZVIA,Zevia PBC Class A Common Stock,NYSE,97455205,0.000113
SLNG,Stabilis Solutions Inc. Common Stock,NASDAQ,97258654,0.000113
RDZN,Roadzen Inc. Ordinary Shares,NASDAQ,97088172,0.000113
FDSB,Fifth District Bancorp Inc. Common Stock,NASDAQ,96964386,0.000113
RPT,Rithm Property Trust Inc. Common stock,NYSE,96846147,0.000113
MDIA,Mediaco Holding Inc. Class A Common Stock,NASDAQ,96622837,0.000112
ARQ,Arq Inc. Common Stock,NASDAQ,96070663,0.000112
ANIX,Anixa Biosciences Inc. Common Stock,NASDAQ,95948094,0.000111
CPIX,Cumberland Pharmaceuticals Inc. Common Stock,NASDAQ,95742054,0.000111
NTHI,NeOnc Technologies Holdings Inc. Common Stock,NASDAQ,95445823,0.000111
TSQ,Townsquare Media Inc. Class A Common Stock,NYSE,95169156,0.000111
BWEN,Broadwind Inc. Common Stock,NASDAQ,94156345,0.000109
ATRA,Atara Biotherapeutics Inc. Common Stock,NASDAQ,94153720,0.000109
NFE,New Fortress Energy Inc. Class A Common Stock,NASDAQ,94145181,0.000109
CRDF,Cardiff Oncology Inc. Common Stock,NASDAQ,94132251,0.000109
FUSB,First US Bancshares Inc. Common Stock,NASDAQ,93525006,0.000109
CGTX,Cognition Therapeutics Inc. Common Stock,NASDAQ,93458134,0.000109
LNSR,LENSAR Inc. Common Stock,NASDAQ,93372574,0.000108
ULBI,Ultralife Corporation Common Stock,NASDAQ,93314306,0.000108
DTI,Drilling Tools International Corporation Common Stock,NASDAQ,92792249,0.000108
AUBN,Auburn National Bancorporation Inc. Common Stock,NASDAQ,92473110,0.000107
HFFG,HF Foods Group Inc. Common Stock,NASDAQ,92300675,0.000107
TGEN,Tecogen Inc. Common Stock,AMEX,92072857,0.000107
EVTL,Vertical Aerospace Ltd. Ordinary Shares,NYSE,92009527,0.000107
LINK,Interlink Electronics Inc. Common Stock,NASDAQ,91999909,0.000107
SEV,Aptera Motors Corp. Class B Common Stock,NASDAQ,91627463,0.000106
RGT,Royce Global Trust Inc. Common Stock,NYSE,91560037,0.000106
SPAI,Safe Pro Group Inc. Common Stock,NASDAQ,91429250,0.000106
ATLX,Atlas Lithium Corporation Common Stock,NASDAQ,91202409,0.000106
SKIN,SkinHealth Systems Inc. Class A Common Stock,NASDAQ,91098534,0.000106
XTND,Xtend AI Robotics Inc. Common Stock,NYSE,90834509,0.000106
UBCP,United Bancorp Inc. Common Stock,NASDAQ,90162343,0.000105
GRWG,GrowGeneration Corp. Common Stock,NASDAQ,90148287,0.000105
BZFD,BuzzFeed Inc. Class A Common Stock,NASDAQ,90001512,0.000105
VHUB,VenHub Global Inc. Common Stock,NASDAQ,89925912,0.000104
MHH,Mastech Digital Inc Common Stock,AMEX,89733980,0.000104
RLYB,Rallybio Corporation Common Stock,NASDAQ,89614671,0.000104
ICCC,ImmuCell Corporation Common Stock,NASDAQ,89459640,0.000104
VRA,Vera Bradley Inc. Common Stock,NASDAQ,89296111,0.000104
CPBI,Central Plains Bancshares Inc. Common Stock,NASDAQ,89285850,0.000104
ACET,Adicet Bio Inc. Common Stock,NASDAQ,89121385,0.000104
MNOV,Medicinova Inc Common Stock,NASDAQ,89090455,0.000104
MNTS,Momentus Inc. Class A Common Stock,NASDAQ,88732140,0.000103
BCIC,BCP Investment Corporation Common Stock,NASDAQ,88295439,0.000103
SLQT,SelectQuote Inc. Common Stock,NYSE,88286566,0.000103
EIC,Eagle Point Income Company Common Shares of Beneficial Interest,NYSE,88101188,0.000102
PFX,PhenixFIN Corporation Common Stock,NASDAQ,87525292,0.000102
CCLD,CareCloud Inc. Common Stock,NASDAQ,87112411,0.000101
EVF,Eaton Vance Senior Income Trust Common Stock,NYSE,86817347,0.000101
ECOR,electroCore Inc. Common Stock,NASDAQ,86732814,0.000101
BARK,BARK Inc. Class A Common Stock,NYSE,86630853,0.000101
FTLF,FitLife Brands Inc. Common Stock,NASDAQ,86491773,0.000100
ACRV,Acrivon Therapeutics Inc. Common Stock,NASDAQ,85706724,0.000100
ISPR,Ispire Technology Inc. Common Stock,NASDAQ,85525100,0.000099
LGL,LGL Group Inc. (The) Common Stock,AMEX,85517150,0.000099
EMPD,Empery Digital Inc. Common stock,NASDAQ,85454737,0.000099
CTOR,Citius Oncology Inc. Common Stock,NASDAQ,85310255,0.000099
MMLP,Martin Midstream Partners L.P. Limited Partnership,NASDAQ,85291815,0.000099
BYRN,Byrna Technologies Inc. Common Stock,NASDAQ,84725209,0.000098
NTRB,Nutriband Inc. Common Stock,NASDAQ,84603554,0.000098
BDL,Flanigan's Enterprises Inc. Common Stock,AMEX,84419747,0.000098
VRCA,Verrica Pharmaceuticals Inc. Common Stock,NASDAQ,84347839,0.000098
PBHC,Pathfinder Bancorp Inc. Common Stock (MD),NASDAQ,84300776,0.000098
FBIO,Fortress Biotech Inc. Common Stock,NASDAQ,84044502,0.000098
PTHS,Pelthos Therapeutics Inc. Common Stock,AMEX,83843471,0.000097
HYPR,Hyperfine Inc. Class A Common Stock,NASDAQ,83789053,0.000097
NRT,North European Oil Royality Trust Common Stock,NYSE,83634369,0.000097
GECC,Great Elm Capital Corp. Common Stock,NASDAQ,83060705,0.000097
ACH,Accendra Health Inc. Common Stock,NYSE,83057080,0.000097
ASRV,AmeriServ Financial Inc. Common Stock,NASDAQ,83028616,0.000096
BSIN,Big Sky Industrial Inc. Common Stock,NASDAQ,82414682,0.000096
AIRT,Air T Inc. Common Stock,NASDAQ,82302846,0.000096
RENT,Rent the Runway Inc. Class A Common Stock,NASDAQ,82286751,0.000096
CPHC,Canterbury Park Holding Corporation 'New' Common Stock,NASDAQ,82104961,0.000095
NDLS,Noodles & Company Class A Common Stock,NASDAQ,81981908,0.000095
CHGG,Chegg Inc. Common Stock,NYSE,81571891,0.000095
SSBI,Summit State Bank Common Stock,NASDAQ,81445552,0.000095
HNNA,Hennessy Advisors Inc. Common Stock,NASDAQ,81415423,0.000095
BZAI,Blaize Holdings Inc. Common Stock,NASDAQ,81105942,0.000094
INTG,Intergroup Corporation (The) Common Stock,NASDAQ,81096165,0.000094
ROC,Rank One Computing Corporation Common stock,NASDAQ,81090540,0.000094
DTCX,Datacentrex Inc. Common Stock,NASDAQ,81090125,0.000094
MAYS,J. W. Mays Inc. Common Stock,NASDAQ,80872489,0.000094
ALDX,Aldeyra Therapeutics Inc. Common Stock,NASDAQ,80837404,0.000094
FSEA,First Seacoast Bancorp Inc. Common Stock,NASDAQ,80774977,0.000094
AFCG,Advanced Flower Capital Inc. Common Stock,NASDAQ,80485312,0.000094
TELO,Telomir Pharmaceuticals Inc. Common Stock,NASDAQ,80466699,0.000093
KLRS,Kalaris Therapeutics Inc. Common Stock,NASDAQ,80460836,0.000093
SERA,Sera Prognostics Inc. Class A Common Stock,NASDAQ,80082416,0.000093
LNZA,LanzaTech Global Inc. Common Stock,NASDAQ,79974786,0.000093
EGG,Enigmatig Limited Class A Ordinary Shares,AMEX,79637272,0.000093
THRY,Thryv Holdings Inc. Common Stock,NASDAQ,79546009,0.000092
LUNG,Pulmonx Corporation Common Stock,NASDAQ,79454298,0.000092
RNXT,RenovoRx Inc. Common Stock,NASDAQ,79427934,0.000092
FATN,FatPipe Inc. Common Stock,NASDAQ,79260705,0.000092
INV,Innventure Inc. Common Stock,NASDAQ,79197447,0.000092
CPSH,CPS Technologies Corp. Common Stock,NASDAQ,79102803,0.000092
MAIA,MAIA Biotechnology Inc. Common Stock,AMEX,79084468,0.000092
BLNK,Blink Charging Co. Common Stock,NASDAQ,78875649,0.000092
IPWR,Ideal Power Inc. Common Stock,NASDAQ,78721997,0.000091
TYGO,Tigo Energy Inc. Common Stock,NASDAQ,78309185,0.000091
CSPI,CSP Inc. Common Stock,NASDAQ,78225805,0.000091
OSTX,OS Therapies Incorporated Common Stock,AMEX,78070927,0.000091
IBIO,iBio Inc. Common Stock,NASDAQ,77490243,0.000090
LFVN,Lifevantage Corporation Common Stock (Delaware),NASDAQ,77293737,0.000090
NTIC,Northern Technologies International Corporation Common Stock,NASDAQ,77111085,0.000090
STEX,Streamex Corp. Common Stock,NASDAQ,77018580,0.000089
BSEM,BioStem Technologies Inc. Common Stock,NASDAQ,76931220,0.000089
BATL,Battalion Oil Corporation Common Stock,AMEX,76758088,0.000089
CVRX,CVRx Inc. Common Stock,NASDAQ,76727799,0.000089
UPXI,Upexi Inc. Common Stock,NASDAQ,76390452,0.000089
GANX,Gain Therapeutics Inc. Common Stock,NASDAQ,76376333,0.000089
HFBL,Home Federal Bancorp Inc. of Louisiana Common Stock,NASDAQ,76347225,0.000089
SUIG,Sui Group Holdings Limited Common Stock,NASDAQ,76119326,0.000088
AMCI,AMC Robotics Corporation Common Stock,NASDAQ,76117067,0.000088
SCOR,comScore Inc. Common Stock,NASDAQ,75314257,0.000088
IOR,Income Opportunity Realty Investors Inc. Common Stock,AMEX,75223886,0.000087
PRTS,CarParts.com Inc. Common Stock,NASDAQ,75089172,0.000087
NSTS,NSTS Bancorp Inc. Common Stock,NASDAQ,74121678,0.000086
PODC,PodcastOne Inc. Common Stock,NASDAQ,74119105,0.000086
SSTI,SoundThinking Inc. Common Stock,NASDAQ,73848862,0.000086
ZONE,Zone Frontier Inc. Class B Common Stock,AMEX,73807268,0.000086
FLL,Full House Resorts Inc. Common Stock,NASDAQ,73655405,0.000086
INSG,Inseego Corp. Common Stock,NASDAQ,73400046,0.000085
ETS,Elite Express Holding Inc. Class A Common Stock,NASDAQ,73075008,0.000085
CING,Cingulate Inc. Common Stock,NASDAQ,72999967,0.000085
CLST,Catalyst Bancorp Inc. Common Stock,NASDAQ,72791372,0.000085
PLRX,Pliant Therapeutics Inc. Common Stock,NASDAQ,72448619,0.000084
WWR,Westwater Resources Inc. Common Stock,AMEX,72253436,0.000084
SOTK,Sono-Tek Corporation Common Stock,NASDAQ,72139759,0.000084
YARW,Yarrow Bioscience Inc. Common Stock,NASDAQ,72109839,0.000084
CEV,Eaton Vance California Municipal Income Trust Shares of Beneficial Interest,AMEX,72094144,0.000084
NRXS,Neuraxis Inc. Common Stock,AMEX,72081571,0.000084
OPXS,Optex Systems Holdings Inc. Common Stock,NASDAQ,71060303,0.000083
GNSS,Genasys Inc. Common Stock,NASDAQ,71045534,0.000083
CSBR,Champions Oncology Inc. Common Stock,NASDAQ,70984712,0.000082
AIFC,AI Financial Corporation Common Stock,NASDAQ,70911095,0.000082
AIRG,Airgain Inc. Common Stock,NASDAQ,70610261,0.000082
RSSS,Research Solutions Inc Common Stock,NASDAQ,70417719,0.000082
CRT,Cross Timbers Royalty Trust Common Stock,NYSE,70260000,0.000082
USIO,Usio Inc. Common Stock,NASDAQ,69813764,0.000081
TENX,Tenax Therapeutics Inc. Common Stock,NASDAQ,69608486,0.000081
BTCS,BTCS Inc. Common Stock,NASDAQ,69262962,0.000080
RGS,Regis Corporation Common Stock,NASDAQ,68716395,0.000080
GEG,Great Elm Group Inc. Common Stock,NASDAQ,68408758,0.000079
CVU,CPI Aerostructures Inc. Common Stock,AMEX,68236130,0.000079
ROLR,High Roller Technologies Inc. Common Stock,AMEX,67830275,0.000079
RNTX,Rein Therapeutics Inc. Common Stock,NASDAQ,67719620,0.000079
VNCE,Vince Holding Corp. Common Stock,NASDAQ,67319821,0.000078
JRSH,Jerash Holdings (US) Inc. Common Stock,NASDAQ,67309682,0.000078
APLM,Apollomics Inc. Class A Ordinary Shares,NASDAQ,67202910,0.000078
SOWG,Sow Good Inc. Common Stock,NASDAQ,67133643,0.000078
CAST,FreeCast Inc. Class A Common Stock,NASDAQ,67089297,0.000078
DXR,Daxor Corporation Common Stock,NASDAQ,66964429,0.000078
AISP,Airship AI Holdings Inc. Class A Common Stock,NASDAQ,66812750,0.000078
XBIT,XBiotech Inc. Common Stock,NASDAQ,66768131,0.000078
AVD,American Vanguard Corporation Common Stock ($0.10 Par Value),NYSE,66671428,0.000077
GEOS,Geospace Technologies Corporation Common Stock (Texas),NASDAQ,65971575,0.000077
DWTX,Dogwood Therapeutics Inc. Common Stock,NASDAQ,65945553,0.000077
PEW,GrabAGun Digital Holdings Inc. Common Stock,NYSE,65814967,0.000076
SPRO,Spero Therapeutics Inc. Common Stock,NASDAQ,65805355,0.000076
WFCF,Where Food Comes From Inc. Common Stock,NASDAQ,65731552,0.000076
LONA,LeonaBio Inc. Common Stock,NASDAQ,65197908,0.000076
COPR,Idaho Copper Corporation Common Stock,AMEX,64786184,0.000075
HOUR,Hour Loop Inc. Common Stock,NASDAQ,64767669,0.000075
BOLD,Boundless Bio Inc. Common Stock,NASDAQ,64376798,0.000075
TLPH,Talphera Inc. Common Stock,NASDAQ,64363187,0.000075
HWH,HWH International Inc. Common Stock,NASDAQ,63911760,0.000074
ELOX,Eloxx Pharmaceuticals Inc. Common Stock,NASDAQ,63574229,0.000074
REKR,Rekor Systems Inc. Common Stock,NASDAQ,63312788,0.000074
BOF,BranchOut Food Inc. Common Stock,NASDAQ,63250256,0.000073
DIT,AMCON Distributing Company Common Stock,AMEX,63227094,0.000073
SRFM,Surf Air Mobility Inc. Common Stock,NYSE,62959649,0.000073
VGAS,Verde Clean Fuels Inc. Class A Common Stock,NASDAQ,62814966,0.000073
WATT,Energous Corporation Common Stock,NASDAQ,62621714,0.000073
TTEC,TTEC Holdings Inc. Common Stock,NASDAQ,62605844,0.000073
INVE,Identiv Inc. Common Stock,NASDAQ,62528243,0.000073
CIRC,Circle8 Group Inc. Common Stock,NASDAQ,62225925,0.000072
RPID,Rapid Micro Biosystems Inc. Class A Common Stock,NASDAQ,61696254,0.000072
UEIC,Universal Electronics Inc. Common Stock,NASDAQ,61655022,0.000072
INMB,INmune Bio Inc. Common stock,NASDAQ,61613412,0.000072
STI,Solidion Technology Inc. Common Stock,NASDAQ,61547334,0.000072
INKT,MiNK Therapeutics Inc. Common Stock,NASDAQ,61236024,0.000071
PIII,P3 Health Partners Inc. Class A Common Stock,NASDAQ,61210078,0.000071
BAER,Bridger Aerospace Group Holdings Inc. Common Stock,NASDAQ,61179186,0.000071
UAVS,AgEagle Aerial Systems Inc. Common Stock,AMEX,60854980,0.000071
MCHX,Marchex Inc. Class B Common Stock,NASDAQ,60521220,0.000070
OM,Outset Medical Inc. Common Stock,NASDAQ,60338896,0.000070
FRMM,Forum Markets Incorporated Common Stock,NASDAQ,60319192,0.000070
BNAI,Brand Engagement Network Inc. Common Stock,NASDAQ,60250568,0.000070
TZOO,Travelzoo Common Stock,NASDAQ,59989742,0.000070
LIDR,AEye Inc. Class A Common Stock,NASDAQ,59969922,0.000070
HRTX,Heron Therapeutics Inc. Common Stock,NASDAQ,59898403,0.000070
FEAM,5E Advanced Materials Inc. Common Stock,NASDAQ,59781921,0.000069
SKYA,SkyAI Inc. Common Stock,NASDAQ,59681558,0.000069
HIT,Health In Tech Inc. Class A Common Stock,NASDAQ,59235179,0.000069
MYPS,PLAYSTUDIOS Inc.  Class A Common Stock,NASDAQ,58955574,0.000069
CTM,Castellum Inc. Common Stock,AMEX,58849700,0.000068
XLO,Xilio Therapeutics Inc. Common Stock,NASDAQ,58760731,0.000068
XPL,Solitario Resources Corp. Common Stock,AMEX,58694899,0.000068
GENK,GEN Restaurant Group Inc. Class A Common Stock,NASDAQ,58677020,0.000068
EXOZ,eXoZymes Inc. Common Stock,NASDAQ,58486484,0.000068
TPCS,TechPrecision Corporation Common stock,NASDAQ,58468916,0.000068
SELF,Global Self Storage Inc. Common Stock,NASDAQ,58363456,0.000068
SGA,Saga Communications Inc. Class A Common Stock (FL),NASDAQ,58048430,0.000067
SEAT,Vivid Seats Inc. Class A Common Stock,NASDAQ,57975177,0.000067
IMA,ImageneBio Inc. Common Stock,NASDAQ,57665396,0.000067
SCWO,374Water Inc. Common Stock,NASDAQ,57406842,0.000067
COCH,Envoy Medical Inc. Class A Common Stock,NASDAQ,57139439,0.000066
SLSN,Solesence Inc. Common Stock,NASDAQ,57125201,0.000066
EDSA,Edesa Biotech Inc. Common Shares,NASDAQ,57120748,0.000066
NXB,NextBoat Inc. Common Stcok,AMEX,57074372,0.000066
NMAD,Nomad Power Solutions Inc. Common Stock,NASDAQ,56997781,0.000066
DLHC,DLH Holdings Corp.,NASDAQ,56957628,0.000066
SER,Serina Therapeutics Inc. Common Stock,AMEX,56389050,0.000066
HAIN,Hain Celestial Group Inc. (The) Common Stock,NASDAQ,55903007,0.000065
BGSF,BGSF Inc. Common Stock,NYSE,54971002,0.000064
LVO,LiveOne Inc. Common Stock,NASDAQ,54641479,0.000063
BRID,Bridgford Foods Corporation Common Stock,NASDAQ,54279455,0.000063
ACFN,Acorn Energy Inc. Common Stock,NASDAQ,54245393,0.000063
HYPD,Hyperion DeFi Inc. Common Stock,NASDAQ,54232625,0.000063
PLCE,Children's Place Inc. (The) Common Stock,NASDAQ,54036073,0.000063
FTEK,Fuel Tech Inc. Common Stock,NASDAQ,54005045,0.000063
ELTX,Elicio Therapeutics Inc. Common Stock,NASDAQ,53877858,0.000063
GLND,Greenland Energy Company Common Stock,NASDAQ,53350837,0.000062
TACT,TransAct Technologies Incorporated Common Stock,NASDAQ,53274270,0.000062
DOMH,Dominari Holdings Inc. Common Stock,NASDAQ,52851148,0.000061
IDN,Intellicheck Inc. Common Stock,NASDAQ,52693532,0.000061
VRM,Vroom Inc. Common Stock,NASDAQ,52552904,0.000061
CNVS,Cineverse Corp. Class A Common Stock,NASDAQ,52534765,0.000061
CLPR,Clipper Realty Inc. Common Stock,NYSE,52027363,0.000060
SRTS,Sensus Healthcare Inc. Common Stock,NASDAQ,51855486,0.000060
OFS,OFS Capital Corporation Common Stock,NASDAQ,51716581,0.000060
MDAI,Spectral AI Inc. Class A Common Stock,NASDAQ,51495885,0.000060
MYO,Myomo Inc. Common Stock,AMEX,51490210,0.000060
PROP,Prairie Operating Co. Common Stock,NASDAQ,50871903,0.000059
AGIG,Abundia Global Impact Group Inc. Common stock,AMEX,50772869,0.000059
STKS,The ONE Group Hospitality Inc. Common Stock,NASDAQ,50385548,0.000059
IZEA,IZEA Worldwide Inc. Common Stock,NASDAQ,50333067,0.000058
MCRB,Seres Therapeutics Inc. Common Stock,NASDAQ,50324353,0.000058
TIL,Instil Bio Inc. Common Stock,NASDAQ,50050983,0.000058
TCBS,Texas Community Bancshares Inc. Common Stock,NASDAQ,49927995,0.000058
RDI,Reading International Inc Class A Common Stock,NASDAQ,49671576,0.000058
IBO,Impact BioMedical Inc. Common Stock,AMEX,49619331,0.000058
MVIS,MicroVision Inc. Common Stock,NASDAQ,49446044,0.000057
PAAI,Paradium.AI Inc. Common Stock,AMEX,49038973,0.000057
PRPO,Precipio Inc.  Common Stock,NASDAQ,48907936,0.000057
HGBL,Heritage Global Inc. Common Stock,NASDAQ,48841617,0.000057
NEPH,Nephros Inc. Common Stock,NASDAQ,48544736,0.000056
XTNT,Xtant Medical Holdings Inc. Common Stock,AMEX,48511577,0.000056
VHC,VirnetX Holding Corp Common Stock,NASDAQ,48491280,0.000056
SCYX,SCYNEXIS Inc. Common Stock,NASDAQ,48156108,0.000056
CATO,Cato Corporation (The) Class A Common Stock,NYSE,47987797,0.000056
TVGN,Tevogen Inc. Common Stock,NASDAQ,47924934,0.000056
BTMD,Biote Corp. Class A Common Stock,NASDAQ,47783532,0.000056
HOWL,Werewolf Therapeutics Inc. Common Stock,NASDAQ,47724283,0.000055
POCI,Precision Optics Corporation Inc. Common stock,NASDAQ,47719629,0.000055
ANVS,Annovis Bio Inc. Common Stock,NYSE,47718890,0.000055
CULP,Culp Inc. Common Stock,NASDAQ,47699708,0.000055
RYM,RYTHM Inc. Common Stock,NASDAQ,47630000,0.000055
NTWK,NetSol Technologies Inc. Common  Stock,NASDAQ,47505656,0.000055
ELWT,Elauwit Connection Inc. Common Stock,NASDAQ,47432162,0.000055
INDO,Indonesia Energy Corporation Limited Ordinary Shares,AMEX,47237599,0.000055
GAME,GameSquare Holdings Inc. Common Stock,NASDAQ,47045057,0.000055
KPLT,Katapult Holdings Inc. Common Stock,NASDAQ,46889779,0.000054
SPWH,Sportsman's Warehouse Holdings Inc. Common Stock,NASDAQ,46578343,0.000054
LOAN,Manhattan Bridge Capital Inc,NASDAQ,46273311,0.000054
TEAD,Teads Holding Co. Common Stock,NASDAQ,45972948,0.000053
CLNN,Clene Inc. Common Stock,NASDAQ,45869191,0.000053
KFFB,Kentucky First Federal Bancorp Common Stock,NASDAQ,45770807,0.000053
STEM,Stem Inc. Class A Common Stock,NYSE,45438232,0.000053
MLGO,MicroAlgo Inc. Class A Ordinary Shares,NASDAQ,45396733,0.000053
GPMT,Granite Point Mortgage Trust Inc. Common Stock,NYSE,45373753,0.000053
CMTL,Comtech Telecommunications Corp. Common Stock,NASDAQ,45241761,0.000053
SDEV,Stablecoin Development Corporation Common Stock,AMEX,45209708,0.000053
SACH,Sachem Capital Corp. Common Shares,AMEX,44708103,0.000052
MBBC,Marathon Bancorp Inc. Common Stock,NASDAQ,44261190,0.000051
BRIA,BrilliA Inc Class A Ordinary Shares,AMEX,44100000,0.000051
ATNM,Actinium Pharmaceuticals Inc. (Delaware) Common Stock,AMEX,44018010,0.000051
LSF,Laird Superfood Inc. Common Stock,AMEX,43876105,0.000051
MGX,Metagenomi Therapeutics Inc. Common Stock,NASDAQ,43821442,0.000051
TELA,TELA Bio Inc. Common Stock,NASDAQ,43789108,0.000051
OMEX,Odyssey Marine Exploration Inc. Common Stock,NASDAQ,43730954,0.000051
AVAT,Avalanche Treasury Corporation Class A Common Stock,NASDAQ,43720444,0.000051
SNSC,SunScout Holding Limited Class A Ordinary Shares,AMEX,43434000,0.000050
AEI,Alset Inc. Common Stock (TX),NASDAQ,43368850,0.000050
SYPR,Sypris Solutions Inc. Common Stock,NASDAQ,43289694,0.000050
PXLW,Pixelworks Inc.  Common Stock,NASDAQ,43192666,0.000050
TGE,The Generation Essentials Group Class A Ordinary Shares,NYSE,43130352,0.000050
GROV,Grove Collaborative Holdings Inc. Class A Common Stock,NYSE,43128056,0.000050
SCLX,Scilex Holding Company Common Stock,NASDAQ,42549930,0.000049
ATHR,Aether Holdings Inc. Common Stock,NASDAQ,42343684,0.000049
ATYR,aTyr Pharma Inc. Common Stock,NASDAQ,42157975,0.000049
AXIL,AXIL Brands Inc. Common Stock,AMEX,42061828,0.000049
MGLD,The Marygold Companies Inc. Common Stock,AMEX,41954988,0.000049
VERU,Veru Inc. Common Stock,NASDAQ,41602781,0.000048
RAVE,Rave Restaurant Group Inc. Common Stock,NASDAQ,41213541,0.000048
MAMO,Massimo Group Common Stock,NASDAQ,41153751,0.000048
FGNX,FG Nexus Inc. Common Stock,NASDAQ,40816461,0.000047
CELU,Celularity Inc. Class A Common Stock,NASDAQ,40813805,0.000047
RMCO,Royalty Management Holding Corporation Class A Common Stock,NASDAQ,40662857,0.000047
ZDGE,Zedge Inc. Class B Common Stock,AMEX,40512756,0.000047
MLSS,Milestone Scientific Inc. Common Stock,AMEX,40246115,0.000047
